,Zona básica de salud,fecha informe,Casos confirmados en los ultimos 14 días,Tasa de incidencia acumulada en los últimos 14 días,Tasa incidencia acumulada activos ultimos 14dias,Casos confirmados totales,Tasa de incidencia acumulada total,Casos confirmados activos ultimos 14dias,Código geometría,Unnamed: 9
0,Alcobendas - Chopera,2022/03/29 11:51:00,50.0,177.59,,7715.0,27401.88,,8,
1,La Moraleja,2022/03/29 11:51:00,66.0,275.59,,5911.0,24681.62,,125,
2,Marqués de la Valdavia,2022/03/29 11:51:00,55.0,309.53,,4181.0,23529.74,,160,
3,Miraflores,2022/03/29 11:51:00,41.0,185.49,,5940.0,26872.96,,172,
4,Valdelasfuentes,2022/03/29 11:51:00,65.0,245.84,,5948.0,22496.22,,262,
5,Alcobendas - Chopera,2022/03/22 10:36:00,41.0,145.62,,7685.0,27295.33,,8,
6,La Moraleja,2022/03/22 10:36:00,57.0,238.01,,5870.0,24510.42,,125,
7,Marqués de la Valdavia,2022/03/22 10:36:00,37.0,208.23,,4146.0,23332.77,,160,
8,Miraflores,2022/03/22 10:36:00,37.0,167.39,,5918.0,26773.43,,172,
9,Valdelasfuentes,2022/03/22 10:36:00,68.0,257.19,,5916.0,22375.19,,262,
10,Alcobendas - Chopera,2022/03/15 10:33:00,37.0,131.42,,7661.0,27210.09,,8,
11,La Moraleja,2022/03/15 10:33:00,48.0,200.43,,5830.0,24343.4,,125,
12,Marqués de la Valdavia,2022/03/15 10:33:00,42.0,236.37,,4121.0,23192.08,,160,
13,Miraflores,2022/03/15 10:33:00,41.0,185.49,,5900.0,26692.0,,172,
14,Valdelasfuentes,2022/03/15 10:33:00,81.0,306.35,,5878.0,22231.47,,262,
15,Alcobendas - Chopera,2022/03/08 10:37:00,47.0,166.93,,7634.0,27114.19,,8,
16,La Moraleja,2022/03/08 10:37:00,67.0,279.76,,5791.0,24180.55,,125,
17,Marqués de la Valdavia,2022/03/08 10:37:00,36.0,202.6,,4105.0,23102.03,,160,
18,Miraflores,2022/03/08 10:37:00,43.0,194.53,,5874.0,26574.38,,172,
19,Valdelasfuentes,2022/03/08 10:37:00,79.0,298.79,,5846.0,22110.44,,262,
20,Alcobendas - Chopera,2022/03/01 10:41:00,84.0,298.35,,7608.0,27021.84,,8,
21,La Moraleja,2022/03/01 10:41:00,75.0,313.17,,5703.0,23813.1,,125,
22,Marqués de la Valdavia,2022/03/01 10:41:00,38.0,213.86,,4075.0,22933.2,,160,
23,Miraflores,2022/03/01 10:41:00,70.0,316.68,,5849.0,26461.27,,172,
24,Valdelasfuentes,2022/03/01 10:41:00,90.0,340.39,,5793.0,21909.98,,262,
25,Alcobendas - Chopera,2022/02/22 10:40:00,116.0,412.0,,7565.0,26869.12,,8,
26,La Moraleja,2022/02/22 10:40:00,154.0,643.03,,5666.0,23658.61,,125,
27,Marqués de la Valdavia,2022/02/22 10:40:00,80.0,450.22,,4055.0,22820.64,,160,
28,Miraflores,2022/02/22 10:40:00,113.0,511.22,,5824.0,26348.17,,172,
29,Valdelasfuentes,2022/02/22 10:40:00,168.0,635.4,,5745.0,21728.44,,262,
30,Alcobendas - Chopera,2022/02/15 10:34:00,182.0,646.42,,7518.0,26702.18,,8,
31,La Moraleja,2022/02/15 10:34:00,221.0,922.79,,5605.0,23403.9,,125,
32,Marqués de la Valdavia,2022/02/15 10:34:00,137.0,771.01,,4031.0,22685.58,,160,
33,Miraflores,2022/02/15 10:34:00,139.0,628.85,,5783.0,26162.69,,172,
34,Valdelasfuentes,2022/02/15 10:34:00,224.0,847.2,,5676.0,21467.47,,262,
35,Alcobendas - Chopera,2022/02/08 10:50:00,279.0,990.94,,7471.0,26535.25,,8,
36,La Moraleja,2022/02/08 10:50:00,223.0,931.15,,5506.0,22990.52,,125,
37,Marqués de la Valdavia,2022/02/08 10:50:00,188.0,1058.02,,4003.0,22528.0,,160,
38,Miraflores,2022/02/08 10:50:00,186.0,841.48,,5727.0,25909.34,,172,
39,Valdelasfuentes,2022/02/08 10:50:00,260.0,983.36,,5582.0,21111.95,,262,
40,Alcobendas - Chopera,2022/02/01 10:59:00,363.0,1289.29,,7321.0,26002.49,,8,
41,La Moraleja,2022/02/01 10:59:00,246.0,1027.18,,5330.0,22255.63,,125,
42,Marqués de la Valdavia,2022/02/01 10:59:00,205.0,1153.69,,3886.0,21869.55,,160,
43,Miraflores,2022/02/01 10:59:00,287.0,1298.41,,5626.0,25452.41,,172,
44,Valdelasfuentes,2022/02/01 10:59:00,371.0,1403.18,,5422.0,20506.81,,262,
45,Alcobendas - Chopera,2022/01/25 10:49:00,567.0,2013.85,,7164.0,25444.86,,8,
46,La Moraleja,2022/01/25 10:49:00,314.0,1311.12,,5175.0,21608.42,,125,
47,Marqués de la Valdavia,2022/01/25 10:49:00,265.0,1491.36,,3778.0,21261.75,,160,
48,Miraflores,2022/01/25 10:49:00,449.0,2031.31,,5506.0,24909.52,,172,
49,Valdelasfuentes,2022/01/25 10:49:00,492.0,1860.82,,5269.0,19928.14,,262,
50,Alcobendas - Chopera,2022/01/18 10:37:00,802.0,2848.52,,6961.0,24723.85,,8,
51,La Moraleja,2022/01/18 10:37:00,362.0,1511.55,,4964.0,20727.38,,125,
52,Marqués de la Valdavia,2022/01/18 10:37:00,419.0,2358.04,,3663.0,20614.55,,160,
53,Miraflores,2022/01/18 10:37:00,679.0,3071.84,,5341.0,24163.05,,172,
54,Valdelasfuentes,2022/01/18 10:37:00,532.0,2012.1,,5020.0,18986.38,,262,
55,Alcobendas - Chopera,2022/01/11 10:21:00,931.0,3306.7,,6496.0,23072.28,,8,
56,La Moraleja,2022/01/11 10:21:00,403.0,1682.74,,4642.0,19382.86,,125,
57,Marqués de la Valdavia,2022/01/11 10:21:00,514.0,2892.68,,3449.0,19410.21,,160,
58,Miraflores,2022/01/11 10:21:00,792.0,3583.06,,4975.0,22507.24,,172,
59,Valdelasfuentes,2022/01/11 10:21:00,598.0,2261.72,,4672.0,17670.2,,262,
60,Alcobendas - Chopera,2022/01/04 10:19:00,825.0,2930.21,,6037.0,21442.02,,8,
61,La Moraleja,2022/01/04 10:19:00,534.0,2229.74,,4397.0,18359.85,,125,
62,Marqués de la Valdavia,2022/01/04 10:19:00,505.0,2842.03,,3203.0,18025.78,,160,
63,Miraflores,2022/01/04 10:19:00,635.0,2872.78,,4571.0,20679.52,,172,
64,Valdelasfuentes,2022/01/04 10:19:00,762.0,2882.0,,4384.0,16580.94,,262,
65,Alcobendas - Chopera,2021/12/28 10:30:00,432.0,1534.36,,5562.0,19754.93,,8,
66,La Moraleja,2021/12/28 10:30:00,515.0,2150.4,,4167.0,17399.47,,125,
67,Marqués de la Valdavia,2021/12/28 10:30:00,357.0,2009.12,,2935.0,16517.53,,160,
68,Miraflores,2021/12/28 10:30:00,314.0,1420.56,,4194.0,18973.94,,172,
69,Valdelasfuentes,2021/12/28 10:30:00,576.0,2178.52,,4024.0,15219.36,,262,
70,Alcobendas - Chopera,2021/12/21 10:15:00,141.0,500.8,,5145.0,18273.84,,8,
71,La Moraleja,2021/12/21 10:15:00,219.0,914.44,,3809.0,15904.63,,125,
72,Marqués de la Valdavia,2021/12/21 10:15:00,138.0,776.63,,2651.0,14919.24,,160,
73,Miraflores,2021/12/21 10:15:00,110.0,497.65,,3888.0,17589.58,,172,
74,Valdelasfuentes,2021/12/21 10:15:00,217.0,820.73,,3579.0,13536.31,,262,
75,Alcobendas - Chopera,2021/12/14 10:36:00,72.0,255.73,,5021.0,17833.42,,8,
76,La Moraleja,2021/12/14 10:36:00,84.0,350.75,,3597.0,15019.42,,125,
77,Marqués de la Valdavia,2021/12/14 10:36:00,43.0,241.99,,2522.0,14193.26,,160,
78,Miraflores,2021/12/14 10:36:00,53.0,239.78,,3787.0,17132.65,,172,
79,Valdelasfuentes,2021/12/14 10:36:00,66.0,249.62,,3385.0,12802.57,,262,
80,Alcobendas - Chopera,2021/12/07 10:45:00,48.0,170.48,,4968.0,17645.18,,8,
81,La Moraleja,2021/12/07 10:45:00,57.0,238.01,,3544.0,14798.11,,125,
82,Marqués de la Valdavia,2021/12/07 10:45:00,30.0,168.83,,2474.0,13923.12,,160,
83,Miraflores,2021/12/07 10:45:00,32.0,144.77,,3754.0,16983.35,,172,
84,Valdelasfuentes,2021/12/07 10:45:00,34.0,128.59,,3318.0,12549.17,,262,
85,Alcobendas - Chopera,2021/11/30 10:34:00,33.0,117.21,,4939.0,17542.18,,8,
86,La Moraleja,2021/11/30 10:34:00,46.0,192.07,,3513.0,14668.67,,125,
87,Marqués de la Valdavia,2021/11/30 10:34:00,27.0,151.95,,2460.0,13844.34,,160,
88,Miraflores,2021/11/30 10:34:00,19.0,85.96,,3731.0,16879.3,,172,
89,Valdelasfuentes,2021/11/30 10:34:00,24.0,90.77,,3297.0,12469.74,,262,
90,Alcobendas - Chopera,2021/11/23 10:27:00,29.0,103.0,,4920.0,17474.69,,8,
91,La Moraleja,2021/11/23 10:27:00,43.0,179.55,,3487.0,14560.11,,125,
92,Marqués de la Valdavia,2021/11/23 10:27:00,22.0,123.81,,2446.0,13765.55,,160,
93,Miraflores,2021/11/23 10:27:00,14.0,63.34,,3718.0,16820.48,,172,
94,Valdelasfuentes,2021/11/23 10:27:00,25.0,94.55,,3285.0,12424.36,,262,
95,Alcobendas - Chopera,2021/11/16 10:28:00,17.0,60.38,,4906.0,17424.97,,8,
96,La Moraleja,2021/11/16 10:28:00,10.0,41.76,,3450.0,14405.61,,125,
97,Marqués de la Valdavia,2021/11/16 10:28:00,15.0,84.42,,2432.0,13686.76,,160,
98,Miraflores,2021/11/16 10:28:00,11.0,49.76,,3710.0,16784.29,,172,
99,Valdelasfuentes,2021/11/16 10:28:00,17.0,64.3,,3272.0,12375.19,,262,
100,Alcobendas - Chopera,2021/11/10 10:31:00,9.0,31.97,,4893.0,17378.8,,8,
101,La Moraleja,2021/11/10 10:31:00,5.0,20.88,,3442.0,14372.21,,125,
102,Marqués de la Valdavia,2021/11/10 10:31:00,13.0,73.16,,2425.0,13647.36,,160,
103,Miraflores,2021/11/10 10:31:00,9.0,40.72,,3705.0,16761.67,,172,
104,Valdelasfuentes,2021/11/10 10:31:00,8.0,30.26,,3264.0,12344.93,,262,
105,Alcobendas - Chopera,2021/11/02 11:43:00,19.0,67.48,,4887.0,17357.49,,8,
106,La Moraleja,2021/11/02 11:43:00,7.0,29.23,,3434.0,14338.8,,125,
107,Marqués de la Valdavia,2021/11/02 11:43:00,13.0,73.16,,2414.0,13585.46,,160,
108,Miraflores,2021/11/02 11:43:00,13.0,58.81,,3697.0,16725.48,,172,
109,Valdelasfuentes,2021/11/02 11:43:00,9.0,34.04,,3251.0,12295.76,,262,
110,Alcobendas - Chopera,2021/10/26 12:46:00,22.0,78.14,,4876.0,17318.42,,8,
111,La Moraleja,2021/10/26 12:46:00,,16.7,,3425.0,14301.22,,125,
112,Marqués de la Valdavia,2021/10/26 12:46:00,6.0,33.77,,2401.0,13512.3,,160,
113,Miraflores,2021/10/26 12:46:00,20.0,90.48,,3689.0,16689.29,,172,
114,Valdelasfuentes,2021/10/26 12:46:00,11.0,41.6,,3244.0,12269.29,,262,
115,Alcobendas - Chopera,2021/10/19 12:28:00,17.0,60.38,,4863.0,17272.24,,8,
116,La Moraleja,2021/10/19 12:28:00,7.0,29.23,,3420.0,14280.35,,125,
117,Marqués de la Valdavia,2021/10/19 12:28:00,,16.88,,2394.0,13472.9,,160,
118,Miraflores,2021/10/19 12:28:00,16.0,72.39,,3677.0,16635.0,,172,
119,Valdelasfuentes,2021/10/19 12:28:00,11.0,41.6,,3237.0,12242.81,,262,
120,Alcobendas - Chopera,2021/10/13 12:31:00,9.0,31.97,,4851.0,17229.62,,8,
121,La Moraleja,2021/10/13 12:31:00,8.0,33.4,,3419.0,14276.17,,125,
122,Marqués de la Valdavia,2021/10/13 12:31:00,9.0,50.65,,2392.0,13461.65,,160,
123,Miraflores,2021/10/13 12:31:00,9.0,40.72,,3667.0,16589.76,,172,
124,Valdelasfuentes,2021/10/13 12:31:00,15.0,56.73,,3227.0,12204.99,,262,
125,Alcobendas - Chopera,2021/10/05 12:16:00,9.0,31.97,,4843.0,17201.21,,8,
126,La Moraleja,2021/10/05 12:16:00,5.0,20.88,,3405.0,14217.71,,125,
127,Marqués de la Valdavia,2021/10/05 12:16:00,8.0,45.02,,2388.0,13439.14,,160,
128,Miraflores,2021/10/05 12:16:00,7.0,31.67,,3663.0,16571.66,,172,
129,Valdelasfuentes,2021/10/05 12:16:00,17.0,64.3,,3222.0,12186.08,,262,
130,Alcobendas - Chopera,2021/09/28 12:26:00,22.0,78.14,,4841.0,17194.1,,8,
131,La Moraleja,2021/09/28 12:26:00,15.0,62.63,,3402.0,14205.19,,125,
132,Marqués de la Valdavia,2021/09/28 12:26:00,,11.26,,2381.0,13399.74,,160,
133,Miraflores,2021/09/28 12:26:00,15.0,67.86,,3657.0,16544.52,,172,
134,Valdelasfuentes,2021/09/28 12:26:00,16.0,60.51,,3212.0,12148.26,,262,
135,Alcobendas - Chopera,2021/09/21 12:31:00,21.0,74.59,,4833.0,17165.69,,8,
136,La Moraleja,2021/09/21 12:31:00,21.0,87.69,,3400.0,14196.83,,125,
137,Marqués de la Valdavia,2021/09/21 12:31:00,,16.88,,2380.0,13394.11,,160,
138,Miraflores,2021/09/21 12:31:00,21.0,95.01,,3655.0,16535.47,,172,
139,Valdelasfuentes,2021/09/21 12:31:00,22.0,83.21,,3202.0,12110.44,,262,
140,Alcobendas - Chopera,2021/09/14 12:51:00,25.0,88.79,,4817.0,17108.86,,8,
141,La Moraleja,2021/09/14 12:51:00,18.0,75.16,,3387.0,14142.55,,125,
142,Marqués de la Valdavia,2021/09/14 12:51:00,9.0,50.65,,2378.0,13382.86,,160,
143,Miraflores,2021/09/14 12:51:00,49.0,221.68,,3642.0,16476.66,,172,
144,Valdelasfuentes,2021/09/14 12:51:00,26.0,98.34,,3194.0,12080.18,,262,
145,Alcobendas - Chopera,2021/09/07 12:45:00,49.0,174.04,,4809.0,17080.45,,8,
146,La Moraleja,2021/09/07 12:45:00,22.0,91.86,,3374.0,14088.27,,125,
147,Marqués de la Valdavia,2021/09/07 12:45:00,16.0,90.04,,2377.0,13377.23,,160,
148,Miraflores,2021/09/07 12:45:00,81.0,366.45,,3633.0,16435.94,,172,
149,Valdelasfuentes,2021/09/07 12:45:00,33.0,124.81,,3179.0,12023.45,,262,
150,Alcobendas - Chopera,2021/08/31 12:38:00,72.0,255.73,,4790.0,17012.96,,8,
151,La Moraleja,2021/08/31 12:38:00,27.0,112.74,,3366.0,14054.87,,125,
152,Marqués de la Valdavia,2021/08/31 12:38:00,26.0,146.32,,2369.0,13332.21,,160,
153,Miraflores,2021/08/31 12:38:00,76.0,343.83,,3587.0,16227.83,,172,
154,Valdelasfuentes,2021/08/31 12:38:00,51.0,192.89,,3167.0,11978.06,,262,
155,Alcobendas - Chopera,2021/08/24 12:31:00,100.0,355.18,,4756.0,16892.2,,8,
156,La Moraleja,2021/08/24 12:31:00,34.0,141.97,,3350.0,13988.06,,125,
157,Marqués de la Valdavia,2021/08/24 12:31:00,36.0,202.6,,2360.0,13281.56,,160,
158,Miraflores,2021/08/24 12:31:00,97.0,438.83,,3551.0,16064.97,,172,
159,Valdelasfuentes,2021/08/24 12:31:00,54.0,204.24,,3144.0,11891.07,,262,
160,Alcobendas - Chopera,2021/08/17 12:13:00,145.0,515.01,,4716.0,16750.13,,8,
161,La Moraleja,2021/08/17 12:13:00,60.0,250.53,,3334.0,13921.25,,125,
162,Marqués de la Valdavia,2021/08/17 12:13:00,61.0,343.29,,2342.0,13180.26,,160,
163,Miraflores,2021/08/17 12:13:00,126.0,570.03,,3511.0,15884.0,,172,
164,Valdelasfuentes,2021/08/17 12:13:00,78.0,295.01,,3115.0,11781.39,,262,
165,Alcobendas - Chopera,2021/08/10 12:16:00,208.0,738.77,,4654.0,16529.92,,8,
166,La Moraleja,2021/08/10 12:16:00,106.0,442.61,,3308.0,13812.69,,125,
167,Marqués de la Valdavia,2021/08/10 12:16:00,91.0,512.13,,2324.0,13078.96,,160,
168,Miraflores,2021/08/10 12:16:00,169.0,764.57,,3452.0,15617.08,,172,
169,Valdelasfuentes,2021/08/10 12:16:00,139.0,525.72,,3088.0,11679.27,,262,
170,Alcobendas - Chopera,2021/08/03 12:27:00,262.0,930.56,,4556.0,16181.85,,8,
171,La Moraleja,2021/08/03 12:27:00,182.0,759.95,,3250.0,13570.5,,125,
172,Marqués de la Valdavia,2021/08/03 12:27:00,107.0,602.17,,2279.0,12825.71,,160,
173,Miraflores,2021/08/03 12:27:00,220.0,995.29,,3386.0,15318.49,,172,
174,Valdelasfuentes,2021/08/03 12:27:00,187.0,707.26,,3018.0,11414.52,,262,
175,Alcobendas - Chopera,2021/07/27 12:08:00,238.0,845.32,,4435.0,15752.09,,8,
176,La Moraleja,2021/07/27 12:08:00,258.0,1077.29,,3171.0,13240.64,,125,
177,Marqués de la Valdavia,2021/07/27 12:08:00,101.0,568.41,,2227.0,12533.06,,160,
178,Miraflores,2021/07/27 12:08:00,189.0,855.05,,3276.0,14820.85,,172,
179,Valdelasfuentes,2021/07/27 12:08:00,194.0,733.74,,2943.0,11130.86,,262,
180,Alcobendas - Chopera,2021/07/20 12:13:00,135.0,479.49,,4290.0,15237.08,,8,
181,La Moraleja,2021/07/20 12:13:00,213.0,889.39,,3049.0,12731.22,,125,
182,Marqués de la Valdavia,2021/07/20 12:13:00,58.0,326.41,,2170.0,12212.28,,160,
183,Miraflores,2021/07/20 12:13:00,103.0,465.98,,3168.0,14332.25,,172,
184,Valdelasfuentes,2021/07/20 12:13:00,124.0,468.99,,2829.0,10699.7,,262,
185,Alcobendas - Chopera,2021/07/13 12:04:00,56.0,198.9,,4197.0,14906.77,,8,
186,La Moraleja,2021/07/13 12:04:00,94.0,392.5,,2894.0,12084.01,,125,
187,Marqués de la Valdavia,2021/07/13 12:04:00,25.0,140.69,,2124.0,11953.4,,160,
188,Miraflores,2021/07/13 12:04:00,35.0,158.34,,3087.0,13965.8,,172,
189,Valdelasfuentes,2021/07/13 12:04:00,59.0,223.15,,2744.0,10378.21,,262,
190,Alcobendas - Chopera,2021/07/06 12:21:00,21.0,74.59,,4155.0,14757.59,,8,
191,La Moraleja,2021/07/06 12:21:00,43.0,179.55,,2829.0,11812.6,,125,
192,Marqués de la Valdavia,2021/07/06 12:21:00,19.0,106.93,,2110.0,11874.61,,160,
193,Miraflores,2021/07/06 12:21:00,19.0,85.96,,3064.0,13861.74,,172,
194,Valdelasfuentes,2021/07/06 12:21:00,31.0,117.25,,2702.0,10219.36,,262,
195,Alcobendas - Chopera,2021/06/29 12:04:00,11.0,39.07,,4140.0,14704.32,,8,
196,La Moraleja,2021/06/29 12:04:00,19.0,79.34,,2795.0,11670.63,,125,
197,Marqués de la Valdavia,2021/06/29 12:04:00,9.0,50.65,,2097.0,11801.45,,160,
198,Miraflores,2021/06/29 12:04:00,17.0,76.91,,3052.0,13807.46,,172,
199,Valdelasfuentes,2021/06/29 12:04:00,31.0,117.25,,2685.0,10155.07,,262,
200,Alcobendas - Chopera,2021/06/22 12:07:00,24.0,85.24,,4134.0,14683.0,,8,
201,La Moraleja,2021/06/22 12:07:00,22.0,91.86,,2783.0,11620.53,,125,
202,Marqués de la Valdavia,2021/06/22 12:07:00,7.0,39.39,,2091.0,11767.69,,160,
203,Miraflores,2021/06/22 12:07:00,30.0,135.72,,3046.0,13780.31,,172,
204,Valdelasfuentes,2021/06/22 12:07:00,36.0,136.16,,2665.0,10079.43,,262,
205,Alcobendas - Chopera,2021/06/15 12:59:00,37.0,131.42,,4129.0,14665.25,,8,
206,La Moraleja,2021/06/15 12:59:00,41.0,171.2,,2776.0,11591.3,,125,
207,Marqués de la Valdavia,2021/06/15 12:59:00,15.0,84.42,,2087.0,11745.17,,160,
208,Miraflores,2021/06/15 12:59:00,38.0,171.91,,3035.0,13730.55,,172,
209,Valdelasfuentes,2021/06/15 12:59:00,32.0,121.03,,2649.0,10018.91,,262,
210,Alcobendas - Chopera,2021/06/08 12:03:00,45.0,159.83,,4105.0,14580.0,,8,
211,La Moraleja,2021/06/08 12:03:00,42.0,175.37,,2751.0,11486.91,,125,
212,Marqués de la Valdavia,2021/06/08 12:03:00,25.0,140.69,,2082.0,11717.04,,160,
213,Miraflores,2021/06/08 12:03:00,38.0,171.91,,3016.0,13644.59,,172,
214,Valdelasfuentes,2021/06/08 12:03:00,34.0,128.59,,2631.0,9950.83,,262,
215,Alcobendas - Chopera,2021/06/01 12:12:00,54.0,191.8,,4086.0,14512.52,,8,
216,La Moraleja,2021/06/01 12:12:00,60.0,250.53,,2729.0,11395.05,,125,
217,Marqués de la Valdavia,2021/06/01 12:12:00,26.0,146.32,,2072.0,11660.76,,160,
218,Miraflores,2021/06/01 12:12:00,38.0,171.91,,2997.0,13558.63,,172,
219,Valdelasfuentes,2021/06/01 12:12:00,41.0,155.07,,2620.0,9909.23,,262,
220,Alcobendas - Chopera,2021/05/25 11:53:00,48.0,170.48,,4056.0,14405.97,,8,
221,La Moraleja,2021/05/25 11:53:00,59.0,246.36,,2703.0,11286.48,,125,
222,Marqués de la Valdavia,2021/05/25 11:53:00,26.0,146.32,,2055.0,11565.09,,160,
223,Miraflores,2021/05/25 11:53:00,38.0,171.91,,2978.0,13472.67,,172,
224,Valdelasfuentes,2021/05/25 11:53:00,34.0,128.59,,2595.0,9814.67,,262,
225,La Moraleja,2021/05/18 12:15:00,52.0,217.13,,2667.0,11136.16,,125,
226,Marqués de la Valdavia,2021/05/18 12:15:00,44.0,247.62,,2045.0,11508.81,,160,
227,Miraflores,2021/05/18 12:15:00,47.0,212.63,,2959.0,13386.72,,172,
228,Valdelasfuentes,2021/05/18 12:15:00,38.0,143.72,,2578.0,9750.38,,262,
229,Alcobendas - Chopera,2021/05/18 12:15:00,59.0,209.55,,4030.0,14313.62,,8,
230,Alcobendas - Chopera,2021/05/11 12:15:00,101.0,358.73,,4008.0,14235.48,,8,
231,La Moraleja,2021/05/11 12:15:00,91.0,379.97,,2640.0,11023.42,,125,
232,Marqués de la Valdavia,2021/05/11 12:15:00,64.0,360.18,,2027.0,11407.51,,160,
233,Miraflores,2021/05/11 12:15:00,70.0,316.68,,2939.0,13296.24,,172,
234,Valdelasfuentes,2021/05/11 12:15:00,74.0,279.88,,2558.0,9674.74,,262,
235,Alcobendas - Chopera,2021/05/04 11:59:00,129.0,458.18,,3972.0,14107.62,,8,
236,La Moraleja,2021/05/04 11:59:00,111.0,463.48,,2595.0,10835.53,,125,
237,Marqués de la Valdavia,2021/05/04 11:59:00,72.0,405.2,,1999.0,11249.93,,160,
238,Miraflores,2021/05/04 11:59:00,90.0,407.17,,2910.0,13165.04,,172,
239,Valdelasfuentes,2021/05/04 11:59:00,86.0,325.26,,2535.0,9587.75,,262,
240,Alcobendas - Chopera,2021/04/27 11:54:00,117.0,415.56,,3904.0,13866.1,,8,
241,La Moraleja,2021/04/27 11:54:00,101.0,421.73,,2511.0,10484.78,,125,
242,Marqués de la Valdavia,2021/04/27 11:54:00,60.0,337.67,,1961.0,11036.07,,160,
243,Miraflores,2021/04/27 11:54:00,77.0,348.35,,2868.0,12975.03,,172,
244,Valdelasfuentes,2021/04/27 11:54:00,89.0,336.61,,2482.0,9387.29,,262,
245,Alcobendas - Chopera,2021/04/20 13:22:00,111.0,394.25,,3838.0,13631.68,,8,
246,La Moraleja,2021/04/20 13:22:00,117.0,488.54,,2448.0,10221.72,,125,
247,Marqués de la Valdavia,2021/04/20 13:22:00,49.0,275.76,,1926.0,10839.1,,160,
248,Miraflores,2021/04/20 13:22:00,66.0,298.59,,2822.0,12766.92,,172,
249,Valdelasfuentes,2021/04/20 13:22:00,100.0,378.21,,2445.0,9247.35,,262,
250,Alcobendas - Chopera,2021/04/13 11:51:00,89.0,316.11,,3782.0,13432.78,,8,
251,La Moraleja,2021/04/13 11:51:00,88.0,367.45,,2385.0,9958.66,,125,
252,Marqués de la Valdavia,2021/04/13 11:51:00,43.0,241.99,,1901.0,10698.41,,160,
253,Miraflores,2021/04/13 11:51:00,61.0,275.97,,2789.0,12617.63,,172,
254,Valdelasfuentes,2021/04/13 11:51:00,91.0,344.18,,2389.0,9035.55,,262,
255,Alcobendas - Chopera,2021/04/06 11:56:00,72.0,261.22,,3726.0,13518.12,,8,
256,La Moraleja,2021/04/06 11:56:00,48.0,201.88,,2320.0,9757.33,,125,
257,Marqués de la Valdavia,2021/04/06 11:56:00,45.0,256.22,,1875.0,10675.85,,160,
258,Miraflores,2021/04/06 11:56:00,47.0,215.15,,2753.0,12602.43,,172,
259,Valdelasfuentes,2021/04/06 11:56:00,75.0,285.26,,2340.0,8900.05,,262,
260,Alcobendas - Chopera,2021/03/30 11:53:00,65.0,235.82,,3693.0,13398.4,,8,
261,La Moraleja,2021/03/30 11:53:00,49.0,206.08,,2293.0,9643.77,,125,
262,Marqués de la Valdavia,2021/03/30 11:53:00,43.0,244.83,,1855.0,10561.98,,160,
263,Miraflores,2021/03/30 11:53:00,48.0,219.73,,2727.0,12483.41,,172,
264,Valdelasfuentes,2021/03/30 11:53:00,60.0,228.21,,2296.0,8732.69,,262,
265,Alcobendas - Chopera,2021/03/23 12:16:00,57.0,206.8,,3654.0,13256.9,,8,
266,La Moraleja,2021/03/23 12:16:00,59.0,248.14,,2268.0,9538.63,,125,
267,Marqués de la Valdavia,2021/03/23 12:16:00,29.0,165.12,,1828.0,10408.24,,160,
268,Miraflores,2021/03/23 12:16:00,51.0,233.46,,2706.0,12387.27,,172,
269,Valdelasfuentes,2021/03/23 12:16:00,47.0,178.76,,2264.0,8610.98,,262,
270,Alcobendas - Chopera,2021/03/16 10:45:00,66.0,239.45,,3629.0,13166.2,,8,
271,La Moraleja,2021/03/16 10:45:00,64.0,269.17,,2241.0,9425.07,,125,
272,Marqués de la Valdavia,2021/03/16 10:45:00,26.0,148.04,,1811.0,10311.45,,160,
273,Miraflores,2021/03/16 10:45:00,42.0,192.26,,2677.0,12254.52,,172,
274,Valdelasfuentes,2021/03/16 10:45:00,51.0,193.98,,2234.0,8496.88,,262,
275,Alcobendas - Chopera,2021/03/09 11:44:00,64.0,232.2,,3594.0,13039.22,,8,
276,La Moraleja,2021/03/09 11:44:00,70.0,294.4,,2207.0,9282.08,,125,
277,Marqués de la Valdavia,2021/03/09 11:44:00,33.0,187.9,,1799.0,10243.12,,160,
278,Miraflores,2021/03/09 11:44:00,44.0,201.42,,2653.0,12144.66,,172,
279,Valdelasfuentes,2021/03/09 11:44:00,66.0,251.03,,2217.0,8432.22,,262,
280,Alcobendas - Chopera,2021/03/02 10:51:00,73.0,264.85,,3563.0,12926.75,,8,
281,La Moraleja,2021/03/02 10:51:00,88.0,370.11,,2175.0,9147.5,,125,
282,Marqués de la Valdavia,2021/03/02 10:51:00,66.0,375.79,,1787.0,10174.8,,160,
283,Miraflores,2021/03/02 10:51:00,70.0,320.44,,2635.0,12062.26,,172,
284,Valdelasfuentes,2021/03/02 10:51:00,78.0,296.67,,2178.0,8283.89,,262,
285,Alcobendas - Chopera,2021/02/23 10:48:00,125.0,453.51,,3529.0,12803.4,,8,
286,La Moraleja,2021/02/23 10:48:00,120.0,504.69,,2131.0,8962.44,,125,
287,Marqués de la Valdavia,2021/02/23 10:48:00,96.0,546.6,,1767.0,10060.92,,160,
288,Miraflores,2021/02/23 10:48:00,99.0,453.19,,2607.0,11934.08,,172,
289,Valdelasfuentes,2021/02/23 10:48:00,115.0,437.4,,2145.0,8158.38,,262,
290,Alcobendas - Chopera,2021/02/16 11:01:00,231.0,838.08,,3490.0,12661.9,,8,
291,La Moraleja,2021/02/16 11:01:00,175.0,736.01,,2078.0,8739.54,,125,
292,Marqués de la Valdavia,2021/02/16 11:01:00,129.0,734.5,,1722.0,9804.7,,160,
293,Miraflores,2021/02/16 11:01:00,168.0,769.05,,2562.0,11728.08,,172,
294,Valdelasfuentes,2021/02/16 11:01:00,160.0,608.55,,2096.0,7972.01,,262,
295,Alcobendas - Chopera,2021/02/09 10:32:00,324.0,1175.49,,3404.0,12349.89,,8,
296,La Moraleja,2021/02/09 10:32:00,249.0,1047.23,,2005.0,8432.52,,125,
297,Marqués de la Valdavia,2021/02/09 10:32:00,184.0,1047.66,,1673.0,9525.71,,160,
298,Miraflores,2021/02/09 10:32:00,258.0,1181.05,,2505.0,11467.15,,172,
299,Valdelasfuentes,2021/02/09 10:32:00,200.0,760.69,,2023.0,7694.36,,262,
300,Alcobendas - Chopera,2021/02/02 11:07:00,403.0,1462.1,,3256.0,11812.94,,8,
301,La Moraleja,2021/02/02 11:07:00,297.0,1249.11,,1890.0,7948.86,,125,
302,Marqués de la Valdavia,2021/02/02 11:07:00,279.0,1588.57,,1590.0,9053.12,,160,
303,Miraflores,2021/02/02 11:07:00,280.0,1281.76,,2389.0,10936.14,,172,
304,Valdelasfuentes,2021/02/02 11:07:00,310.0,1179.07,,1930.0,7340.64,,262,
305,Alcobendas - Chopera,2021/01/26 11:08:00,356.0,1291.59,,3077.0,11163.52,,8,
306,La Moraleja,2021/01/26 11:08:00,252.0,1059.85,,1742.0,7326.41,,125,
307,Marqués de la Valdavia,2021/01/26 11:08:00,280.0,1594.26,,1487.0,8466.66,,160,
308,Miraflores,2021/01/26 11:08:00,232.0,1062.03,,2246.0,10281.53,,172,
309,Valdelasfuentes,2021/01/26 11:08:00,356.0,1354.02,,1823.0,6933.67,,262,
310,Alcobendas - Chopera,2021/01/19 10:32:00,266.0,965.06,,2849.0,10336.32,,8,
311,La Moraleja,2021/01/19 10:32:00,201.0,845.35,,1582.0,6653.49,,125,
312,Marqués de la Valdavia,2021/01/19 10:32:00,179.0,1019.19,,1305.0,7430.39,,160,
313,Miraflores,2021/01/19 10:32:00,203.0,929.27,,2109.0,9654.38,,172,
314,Valdelasfuentes,2021/01/19 10:32:00,289.0,1099.19,,1614.0,6138.75,,262,
315,Alcobendas - Chopera,2021/01/12 02:49:00,243.0,881.62,,2716.0,9853.79,,8,
316,La Moraleja,2021/01/12 02:49:00,183.0,769.65,,1488.0,6258.15,,125,
317,Marqués de la Valdavia,2021/01/12 02:49:00,122.0,694.64,,1203.0,6849.63,,160,
318,Miraflores,2021/01/12 02:49:00,198.0,906.39,,2015.0,9224.08,,172,
319,Valdelasfuentes,2021/01/12 02:49:00,212.0,806.33,,1465.0,5572.04,,262,
320,Alcobendas - Chopera,2021/01/05 13:32:00,169.0,613.14,,2576.0,9345.86,,8,
321,La Moraleja,2021/01/05 13:32:00,101.0,424.78,,1363.0,5732.43,,125,
322,Marqués de la Valdavia,2021/01/05 13:32:00,96.0,546.6,,1119.0,6371.35,,160,
323,Miraflores,2021/01/05 13:32:00,132.0,604.26,,1901.0,8702.22,,172,
324,Valdelasfuentes,2021/01/05 13:32:00,123.0,467.82,,1320.0,5020.54,,262,
325,Alcobendas - Chopera,2020/12/29 12:23:00,124.0,449.88,,2470.0,8961.29,,8,
326,La Moraleja,2020/12/29 12:23:00,96.0,403.75,,1297.0,5454.85,,125,
327,Marqués de la Valdavia,2020/12/29 12:23:00,107.0,609.24,,1078.0,6137.9,,160,
328,Miraflores,2020/12/29 12:23:00,98.0,448.62,,1816.0,8313.12,,172,
329,Valdelasfuentes,2020/12/29 12:23:00,117.0,445.0,,1251.0,4758.1,,262,
330,Alcobendas - Chopera,2020/12/22 10:06:00,78.0,282.99,,2406.0,8729.09,,8,
331,La Moraleja,2020/12/22 10:06:00,85.0,357.49,,1259.0,5295.03,,125,
332,Marqués de la Valdavia,2020/12/22 10:06:00,70.0,398.57,,1018.0,5796.28,,160,
333,Miraflores,2020/12/22 10:06:00,74.0,338.75,,1771.0,8107.12,,172,
334,Valdelasfuentes,2020/12/22 10:06:00,88.0,334.7,,1198.0,4556.52,,262,
335,Alcobendas - Chopera,2020/12/15 10:47:00,57.0,206.8,,2347.0,8515.04,,8,
336,La Moraleja,2020/12/15 10:47:00,80.0,336.46,,1195.0,5025.87,,125,
337,Marqués de la Valdavia,2020/12/15 10:47:00,51.0,290.38,,965.0,5494.51,,160,
338,Miraflores,2020/12/15 10:47:00,60.0,274.66,,1717.0,7859.92,,172,
339,Valdelasfuentes,2020/12/15 10:47:00,58.0,220.6,,1131.0,4301.69,,262,
340,Alcobendas - Chopera,2020/12/09 07:22:00,62.0,224.94,,2314.0,8395.31,,8,
341,La Moraleja,2020/12/09 07:22:00,101.0,424.78,,1160.0,4878.66,,125,
342,Marqués de la Valdavia,2020/12/09 07:22:00,37.0,210.67,,931.0,5300.92,,160,
343,Miraflores,2020/12/09 07:22:00,53.0,242.62,,1679.0,7685.97,,172,
344,Valdelasfuentes,2020/12/09 07:22:00,48.0,182.57,,1097.0,4172.37,,262,
345,Alcobendas - Chopera,2020/12/01 10:20:00,73.0,264.85,,2273.0,8246.56,,8,
346,La Moraleja,2020/12/01 10:20:00,96.0,403.75,,1113.0,4680.99,,125,
347,Marqués de la Valdavia,2020/12/01 10:20:00,24.0,136.65,,902.0,5135.8,,160,
348,Miraflores,2020/12/01 10:20:00,57.0,260.93,,1656.0,7580.68,,172,
349,Valdelasfuentes,2020/12/01 10:20:00,37.0,140.73,,1063.0,4043.05,,262,
350,Alcobendas - Chopera,2020/11/24 11:07:00,89.0,322.9,,2235.0,8108.7,,8,
351,La Moraleja,2020/11/24 11:07:00,99.0,416.37,,1053.0,4428.65,,125,
352,Marqués de la Valdavia,2020/11/24 11:07:00,24.0,136.65,,887.0,5050.39,,160,
353,Miraflores,2020/11/24 11:07:00,45.0,206.0,,1613.0,7383.84,,172,
354,Valdelasfuentes,2020/11/24 11:07:00,39.0,148.33,,1033.0,3928.95,,262,
355,Alcobendas - Chopera,2020/11/17 12:22:00,100.0,362.81,,2191.0,7949.06,,8,
356,La Moraleja,2020/11/17 12:22:00,96.0,403.75,,1004.0,4222.57,,125,
357,Marqués de la Valdavia,2020/11/17 12:22:00,30.0,170.81,,872.0,4964.98,,160,
358,Miraflores,2020/11/17 12:22:00,43.0,196.84,,1589.0,7273.98,,172,
359,Valdelasfuentes,2020/11/17 12:22:00,55.0,209.19,,1014.0,3856.69,,262,
360,Alcobendas - Chopera,2020/11/10 10:27:00,112.0,406.34,,2145.0,7782.17,,8,
361,La Moraleja,2020/11/10 10:27:00,86.0,361.69,,939.0,3949.19,,125,
362,Marqués de la Valdavia,2020/11/10 10:27:00,42.0,239.14,,861.0,4902.35,,160,
363,Miraflores,2020/11/10 10:27:00,34.0,155.64,,1561.0,7145.8,,172,
364,Valdelasfuentes,2020/11/10 10:27:00,61.0,232.01,,991.0,3769.21,,262,
365,Alcobendas - Chopera,2020/11/03 10:02:00,120.0,435.37,,2084.0,7560.86,,8,
366,La Moraleja,2020/11/03 10:02:00,86.0,361.69,,891.0,3747.32,,125,
367,Marqués de la Valdavia,2020/11/03 10:02:00,57.0,324.55,,838.0,4771.39,,160,
368,Miraflores,2020/11/03 10:02:00,56.0,256.35,,1542.0,7058.82,,172,
369,Valdelasfuentes,2020/11/03 10:02:00,60.0,228.21,,951.0,3617.07,,262,
370,Alcobendas - Chopera,2020/10/27 10:02:00,114.0,413.6,,2016.0,7314.15,,8,
371,La Moraleja,2020/10/27 10:02:00,68.0,285.99,,839.0,3528.62,,125,
372,Marqués de la Valdavia,2020/10/27 10:02:00,52.0,296.08,,806.0,4589.19,,160,
373,Miraflores,2020/10/27 10:02:00,86.0,393.68,,1519.0,6953.54,,172,
374,Valdelasfuentes,2020/10/27 10:02:00,79.0,300.47,,918.0,3491.56,,262,
375,Alcobendas - Chopera,2020/10/20 11:06:00,105.0,380.95,,1952.0,7081.96,,8,
376,La Moraleja,2020/10/20 11:06:00,66.0,277.58,,791.0,3326.74,,125,
377,Marqués de la Valdavia,2020/10/20 11:06:00,40.0,227.75,,761.0,4332.97,,160,
378,Miraflores,2020/10/20 11:06:00,91.0,416.57,,1478.0,6765.85,,172,
379,Valdelasfuentes,2020/10/20 11:06:00,76.0,289.06,,876.0,3331.81,,262,
380,Alcobendas - Chopera,2020/10/13 13:31:00,129.0,468.02,,1898.0,6886.04,,8,
381,La Moraleja,2020/10/13 13:31:00,61.0,256.55,,752.0,3162.72,,125,
382,Marqués de la Valdavia,2020/10/13 13:31:00,67.0,381.48,,741.0,4219.1,,160,
383,Miraflores,2020/10/13 13:31:00,119.0,544.75,,1423.0,6514.08,,172,
384,Valdelasfuentes,2020/10/13 13:31:00,91.0,346.11,,841.0,3198.69,,262,
385,Alcobendas - Chopera,2020/10/06 11:02:00,208.0,754.63,65.3,1824.0,6617.57,18.0,8,
386,La Moraleja,2020/10/06 11:02:00,106.0,445.81,29.44,718.0,3019.72,7.0,125,
387,Marqués de la Valdavia,2020/10/06 11:02:00,105.0,597.85,56.94,707.0,4025.51,10.0,160,
388,Miraflores,2020/10/06 11:02:00,173.0,791.94,68.67,1375.0,6294.35,15.0,172,
389,Valdelasfuentes,2020/10/06 11:02:00,113.0,429.79,49.44,790.0,3004.72,13.0,262,
390,Alcobendas - Chopera,2020/09/29 11:15:00,368.0,1335.12,130.61,1749.0,6345.46,36.0,8,
391,La Moraleja,2020/09/29 11:15:00,174.0,731.8,50.47,679.0,2855.7,12.0,125,
392,Marqués de la Valdavia,2020/09/29 11:15:00,169.0,962.25,119.57,667.0,3797.76,21.0,160,
393,Miraflores,2020/09/29 11:15:00,279.0,1277.18,146.49,1294.0,5923.55,32.0,172,
394,Valdelasfuentes,2020/09/29 11:15:00,156.0,593.34,45.64,742.0,2822.15,12.0,262,
395,Alcobendas - Chopera,2020/09/22 09:42:00,363.0,1316.98,282.99,1505.0,5460.22,78.0,8,
396,La Moraleja,2020/09/22 09:42:00,122.0,513.1,117.76,549.0,2308.95,28.0,125,
397,Marqués de la Valdavia,2020/09/22 09:42:00,136.0,774.36,170.81,560.0,3188.52,30.0,160,
398,Miraflores,2020/09/22 09:42:00,246.0,1126.12,292.97,1106.0,5062.94,64.0,172,
399,Valdelasfuentes,2020/09/22 09:42:00,114.0,433.59,121.71,633.0,2407.58,32.0,262,
400,Alcobendas - Chopera,2020/09/15 10:23:00,413.0,1498.39,83.45,1291.0,4683.82,23.0,8,
401,La Moraleja,2020/09/15 10:23:00,116.0,487.87,37.85,473.0,1989.32,9.0,125,
402,Marqués de la Valdavia,2020/09/15 10:23:00,114.0,649.09,28.47,451.0,2567.9,5.0,160,
403,Miraflores,2020/09/15 10:23:00,233.0,1066.61,73.24,929.0,4252.69,16.0,172,
404,Valdelasfuentes,2020/09/15 10:23:00,93.0,353.72,15.21,536.0,2038.64,,262,
405,Alcobendas - Chopera,2020/09/08 11:03:00,373.0,1353.26,90.7,1032.0,3744.15,25.0,8,
406,La Moraleja,2020/09/08 11:03:00,71.0,298.61,25.23,388.0,1631.83,6.0,125,
407,Marqués de la Valdavia,2020/09/08 11:03:00,104.0,592.15,17.08,374.0,2129.48,,160,
408,Miraflores,2020/09/08 11:03:00,243.0,1112.38,128.18,785.0,3593.5,28.0,172,
409,Valdelasfuentes,2020/09/08 11:03:00,102.0,387.95,26.62,484.0,1840.86,7.0,262,
410,Alcobendas - Chopera,2020/09/01 09:33:00,332.0,1204.51,87.07,793.0,2877.05,24.0,8,
411,La Moraleja,2020/09/01 09:33:00,76.0,319.64,16.82,338.0,1421.54,,125,
412,Marqués de la Valdavia,2020/09/01 09:33:00,127.0,723.11,74.02,311.0,1770.77,13.0,160,
413,Miraflores,2020/09/01 09:33:00,267.0,1222.25,114.44,648.0,2966.35,25.0,172,
414,Valdelasfuentes,2020/09/01 09:33:00,114.0,433.59,38.03,418.0,1589.84,10.0,262,
415,Alcobendas - Chopera,2020/08/25 09:33:00,256.0,928.78,166.89,604.0,2191.34,46.0,8,
416,La Moraleja,2020/08/25 09:33:00,50.0,210.29,33.65,287.0,1207.05,8.0,125,
417,Marqués de la Valdavia,2020/08/25 09:33:00,98.0,557.99,85.41,249.0,1417.75,15.0,160,
418,Miraflores,2020/08/25 09:33:00,227.0,1039.14,183.11,495.0,2265.96,40.0,172,
419,Valdelasfuentes,2020/08/25 09:33:00,88.0,334.7,91.28,359.0,1365.43,24.0,262,
420,Alcobendas - Chopera,2020/08/18 09:32:00,214.0,776.4,224.94,449.0,1629.0,62.0,8,
421,La Moraleja,2020/08/18 09:32:00,38.0,159.82,29.44,258.0,1085.08,7.0,125,
422,Marqués de la Valdavia,2020/08/18 09:32:00,55.0,313.16,108.18,178.0,1013.49,19.0,160,
423,Miraflores,2020/08/18 09:32:00,157.0,718.7,164.8,357.0,1634.24,36.0,172,
424,Valdelasfuentes,2020/08/18 09:32:00,32.0,121.71,34.23,300.0,1141.03,9.0,262,
425,Alcobendas - Chopera,2020/08/11 09:31:00,76.0,275.73,97.96,280.0,1015.85,27.0,8,
426,La Moraleja,2020/08/11 09:31:00,19.0,79.91,21.03,230.0,967.32,5.0,125,
427,Marqués de la Valdavia,2020/08/11 09:31:00,19.0,108.18,45.55,137.0,780.05,8.0,160,
428,Miraflores,2020/08/11 09:31:00,48.0,219.73,77.82,236.0,1080.34,17.0,172,
429,Valdelasfuentes,2020/08/11 09:31:00,10.0,38.03,15.21,269.0,1023.12,,262,
430,Alcobendas - Chopera,2020/08/04 09:58:00,30.0,108.84,72.56,222.0,805.43,20.0,8,
431,La Moraleja,2020/08/04 09:58:00,8.0,33.65,8.41,218.0,916.85,,125,
432,Marqués de la Valdavia,2020/08/04 09:58:00,6.0,34.16,22.78,122.0,694.64,,160,
433,Miraflores,2020/08/04 09:58:00,16.0,73.24,41.2,194.0,888.08,9.0,172,
434,Valdelasfuentes,2020/08/04 09:58:00,11.0,41.84,19.02,265.0,1007.91,5.0,262,
435,La Moraleja,2020/07/28 09:34:00,,0.0,0.0,210.0,883.21,,125,
436,Marqués de la Valdavia,2020/07/28 09:34:00,,11.39,11.39,118.0,671.87,,160,
437,Miraflores,2020/07/28 09:34:00,13.0,59.51,45.78,187.0,856.03,10.0,172,
438,Alcobendas - Chopera,2020/07/28 09:34:00,9.0,32.65,29.02,200.0,725.61,8.0,8,
439,Valdelasfuentes,2020/07/28 09:34:00,9.0,34.23,22.82,259.0,985.09,6.0,262,
440,Alcobendas - Chopera,2020/07/21 09:23:00,,3.63,3.63,192.0,696.59,,8,
441,La Moraleja,2020/07/21 09:23:00,,8.41,4.21,210.0,883.21,,125,
442,Marqués de la Valdavia,2020/07/21 09:23:00,,0.0,0.0,116.0,660.48,,160,
443,Miraflores,2020/07/21 09:23:00,,18.31,18.31,177.0,810.25,,172,
444,Valdelasfuentes,2020/07/21 09:23:00,,11.41,7.61,253.0,962.27,,262,
445,Alcobendas - Chopera,2020/07/14 09:23:00,,0.0,0.0,191.0,692.96,,8,
446,La Moraleja,2020/07/14 09:23:00,,8.41,0.0,209.0,879.0,,125,
447,Marqués de la Valdavia,2020/07/14 09:23:00,,0.0,0.0,116.0,660.48,,160,
448,Miraflores,2020/07/14 09:23:00,,4.58,0.0,173.0,791.94,,172,
449,Valdelasfuentes,2020/07/14 09:23:00,,3.8,0.0,249.0,947.06,,262,
450,Alcobendas - Chopera,2020/07/07 09:32:00,,10.88,0.0,188.0,682.07,,8,
451,La Moraleja,2020/07/07 09:32:00,,4.21,0.0,206.0,866.38,,125,
452,Marqués de la Valdavia,2020/07/07 09:32:00,,17.08,5.69,116.0,660.48,,160,
453,Miraflores,2020/07/07 09:32:00,,4.58,0.0,172.0,787.37,,172,
454,Valdelasfuentes,2020/07/07 09:32:00,,7.61,0.0,246.0,935.65,,262,
455,Alcobendas - Chopera,2020/07/01 09:00:00,,18.1402604941407,,185.0,671.189638283206,,8,
456,La Moraleja,2020/07/01 09:00:00,,21.028725238676,,192.0,807.50304916516,,125,
457,Marqués de la Valdavia,2020/07/01 09:00:00,,11.3875761544155,,115.0,654.785628878893,,160,
458,Miraflores,2020/07/01 09:00:00,,9.15541313801785,,168.0,769.0547035935,,172,
459,Valdelasfuentes,2020/07/01 09:00:00,,7.60687661646128,,241.0,916.628632283584,,262,
460,Alcobendas - Chopera,2020/06/30 07:00:00,,18.14,,185.0,671.19,,8,
461,La Moraleja,2020/06/30 07:00:00,,8.41,,186.0,782.27,,125,
462,Marqués de la Valdavia,2020/06/30 07:00:00,,11.39,,115.0,654.79,,160,
463,Miraflores,2020/06/30 07:00:00,,9.16,,166.0,759.9,,172,
464,Valdelasfuentes,2020/06/30 07:00:00,,7.61,,237.0,901.41,,262,
465,Alcobendas - Chopera,2020/06/29 07:00:00,,18.14,,185.0,671.19,,8,
466,La Moraleja,2020/06/29 07:00:00,,4.21,,184.0,773.86,,125,
467,Marqués de la Valdavia,2020/06/29 07:00:00,,11.39,,115.0,654.79,,160,
468,Miraflores,2020/06/29 07:00:00,,9.16,,166.0,759.9,,172,
469,Valdelasfuentes,2020/06/29 07:00:00,,7.61,,235.0,893.81,,262,
470,Alcobendas - Chopera,2020/06/28 07:00:00,,18.14,,185.0,671.19,,8,
471,La Moraleja,2020/06/28 07:00:00,,4.21,,181.0,761.24,,125,
472,Marqués de la Valdavia,2020/06/28 07:00:00,,5.69,,113.0,643.4,,160,
473,Miraflores,2020/06/28 07:00:00,,9.16,,166.0,759.9,,172,
474,Valdelasfuentes,2020/06/28 07:00:00,,11.41,,234.0,890.0,,262,
475,Alcobendas - Chopera,2020/06/27 07:00:00,,14.51,,184.0,667.56,,8,
476,La Moraleja,2020/06/27 07:00:00,,4.21,,179.0,752.83,,125,
477,Marqués de la Valdavia,2020/06/27 07:00:00,,5.69,,113.0,643.4,,160,
478,Miraflores,2020/06/27 07:00:00,,9.16,,165.0,755.32,,172,
479,Valdelasfuentes,2020/06/27 07:00:00,,3.8,,231.0,878.59,,262,
480,Alcobendas - Chopera,2020/06/26 07:00:00,,7.26,,182.0,660.31,,8,
481,La Moraleja,2020/06/26 07:00:00,,4.21,,179.0,752.83,,125,
482,Marqués de la Valdavia,2020/06/26 07:00:00,,5.69,,113.0,643.4,,160,
483,Miraflores,2020/06/26 07:00:00,,9.16,,165.0,755.32,,172,
484,Valdelasfuentes,2020/06/26 07:00:00,,3.8,,231.0,878.59,,262,
485,Alcobendas - Chopera,2020/06/25 07:00:00,,7.26,,182.0,660.31,,8,
486,La Moraleja,2020/06/25 07:00:00,,0.0,,178.0,748.62,,125,
487,Marqués de la Valdavia,2020/06/25 07:00:00,,5.69,,113.0,643.4,,160,
488,Miraflores,2020/06/25 07:00:00,,9.16,,165.0,755.32,,172,
489,Valdelasfuentes,2020/06/25 07:00:00,,0.0,,230.0,874.79,,262,
490,Alcobendas - Chopera,2020/06/24 07:00:00,,0.0,,180.0,653.05,,8,
491,La Moraleja,2020/06/24 07:00:00,,0.0,,178.0,748.62,,125,
492,Marqués de la Valdavia,2020/06/24 07:00:00,,0.0,,111.0,632.01,,160,
493,Miraflores,2020/06/24 07:00:00,,9.16,,163.0,746.17,,172,
494,Valdelasfuentes,2020/06/24 07:00:00,,3.8,,230.0,874.79,,262,
495,Alcobendas - Chopera,2020/06/23 07:00:00,,0.0,,180.0,653.05,,8,
496,La Moraleja,2020/06/23 07:00:00,,0.0,,178.0,748.62,,125,
497,Marqués de la Valdavia,2020/06/23 07:00:00,,0.0,,111.0,632.01,,160,
498,Miraflores,2020/06/23 07:00:00,,9.16,,162.0,741.59,,172,
499,Valdelasfuentes,2020/06/23 07:00:00,,3.8,,230.0,874.79,,262,
500,Alcobendas - Chopera,2020/06/22 07:00:00,,0.0,,179.0,649.42,,8,
501,La Moraleja,2020/06/22 07:00:00,,0.0,,177.0,744.42,,125,
502,Marqués de la Valdavia,2020/06/22 07:00:00,,0.0,,111.0,632.01,,160,
503,Miraflores,2020/06/22 07:00:00,,9.16,,161.0,737.01,,172,
504,Valdelasfuentes,2020/06/22 07:00:00,,3.8,,230.0,874.79,,262,
505,Alcobendas - Chopera,2020/06/21 07:00:00,,0.0,,179.0,649.42,,8,
506,La Moraleja,2020/06/21 07:00:00,,0.0,,175.0,736.01,,125,
507,Marqués de la Valdavia,2020/06/21 07:00:00,,0.0,,110.0,626.32,,160,
508,Miraflores,2020/06/21 07:00:00,,9.16,,161.0,737.01,,172,
509,Valdelasfuentes,2020/06/21 07:00:00,,7.61,,230.0,874.79,,262,
510,Alcobendas - Chopera,2020/06/20 07:00:00,,0.0,,179.0,649.42,,8,
511,La Moraleja,2020/06/20 07:00:00,,0.0,,174.0,731.8,,125,
512,Marqués de la Valdavia,2020/06/20 07:00:00,,0.0,,110.0,626.32,,160,
513,Miraflores,2020/06/20 07:00:00,,4.58,,160.0,732.43,,172,
514,Valdelasfuentes,2020/06/20 07:00:00,,11.41,,230.0,874.79,,262,
515,Alcobendas - Chopera,2020/06/19 07:00:00,,0.0,,179.0,649.42,,8,
516,La Moraleja,2020/06/19 07:00:00,,0.0,,175.0,736.01,,125,
517,Marqués de la Valdavia,2020/06/19 07:00:00,,0.0,,110.0,626.32,,160,
518,Miraflores,2020/06/19 07:00:00,,4.58,,160.0,732.43,,172,
519,Valdelasfuentes,2020/06/19 07:00:00,,11.41,,229.0,870.99,,262,
520,Alcobendas - Chopera,2020/06/18 07:00:00,,0.0,,179.0,649.42,,8,
521,La Moraleja,2020/06/18 07:00:00,,0.0,,175.0,736.01,,125,
522,Marqués de la Valdavia,2020/06/18 07:00:00,,5.69,,109.0,620.62,,160,
523,Miraflores,2020/06/18 07:00:00,,4.58,,160.0,732.43,,172,
524,Valdelasfuentes,2020/06/18 07:00:00,,15.21,,229.0,870.99,,262,
525,Alcobendas - Chopera,2020/06/17 07:00:00,,0.0,,178.0,645.79,,8,
526,La Moraleja,2020/06/17 07:00:00,,4.21,,175.0,736.01,,125,
527,Marqués de la Valdavia,2020/06/17 07:00:00,,5.69,,109.0,620.62,,160,
528,Miraflores,2020/06/17 07:00:00,,0.0,,159.0,727.86,,172,
529,Valdelasfuentes,2020/06/17 07:00:00,,15.21,,229.0,870.99,,262,
530,Alcobendas - Chopera,2020/06/16 07:00:00,,0.0,,178.0,645.79,,8,
531,La Moraleja,2020/06/16 07:00:00,,8.41,,175.0,736.01,,125,
532,Marqués de la Valdavia,2020/06/16 07:00:00,,5.69,,108.0,614.93,,160,
533,Miraflores,2020/06/16 07:00:00,,0.0,,159.0,727.86,,172,
534,Valdelasfuentes,2020/06/16 07:00:00,7.0,26.62,,228.0,867.18,,262,
535,Alcobendas - Chopera,2020/06/15 07:00:00,,7.26,,178.0,645.79,,8,
536,La Moraleja,2020/06/15 07:00:00,,8.41,,175.0,736.01,,125,
537,Marqués de la Valdavia,2020/06/15 07:00:00,,0.0,,107.0,609.24,,160,
538,Miraflores,2020/06/15 07:00:00,,0.0,,159.0,727.86,,172,
539,Valdelasfuentes,2020/06/15 07:00:00,8.0,30.43,,228.0,867.18,,262,
540,Alcobendas - Chopera,2020/06/14 07:00:00,,7.26,,178.0,645.79,,8,
541,La Moraleja,2020/06/14 07:00:00,,12.62,,174.0,731.8,,125,
542,Marqués de la Valdavia,2020/06/14 07:00:00,,0.0,,107.0,609.24,,160,
543,Miraflores,2020/06/14 07:00:00,,0.0,,159.0,727.86,,172,
544,Valdelasfuentes,2020/06/14 07:00:00,8.0,30.43,,227.0,863.38,,262,
545,Alcobendas - Chopera,2020/06/13 07:00:00,,10.88,,178.0,645.79,,8,
546,La Moraleja,2020/06/13 07:00:00,,12.62,,174.0,731.8,,125,
547,Marqués de la Valdavia,2020/06/13 07:00:00,,0.0,,107.0,609.24,,160,
548,Miraflores,2020/06/13 07:00:00,,0.0,,159.0,727.86,,172,
549,Valdelasfuentes,2020/06/13 07:00:00,8.0,30.43,,227.0,863.38,,262,
550,Alcobendas - Chopera,2020/06/12 07:00:00,,10.88,,178.0,645.79,,8,
551,La Moraleja,2020/06/12 07:00:00,,8.41,,173.0,727.59,,125,
552,Marqués de la Valdavia,2020/06/12 07:00:00,,0.0,,107.0,609.24,,160,
553,Miraflores,2020/06/12 07:00:00,,0.0,,159.0,727.86,,172,
554,Valdelasfuentes,2020/06/12 07:00:00,8.0,30.43,,226.0,859.58,,262,
555,Alcobendas - Chopera,2020/06/11 07:00:00,,10.88,,178.0,645.79,,8,
556,La Moraleja,2020/06/11 07:00:00,,8.41,,173.0,727.59,,125,
557,Marqués de la Valdavia,2020/06/11 07:00:00,,0.0,,107.0,609.24,,160,
558,Miraflores,2020/06/11 07:00:00,,0.0,,159.0,727.86,,172,
559,Valdelasfuentes,2020/06/11 07:00:00,8.0,30.43,,226.0,859.58,,262,
560,Alcobendas - Chopera,2020/06/10 07:00:00,,10.88,,178.0,645.79,,8,
561,La Moraleja,2020/06/10 07:00:00,,8.41,,173.0,727.59,,125,
562,Marqués de la Valdavia,2020/06/10 07:00:00,,0.0,,107.0,609.24,,160,
563,Miraflores,2020/06/10 07:00:00,,0.0,,159.0,727.86,,172,
564,Valdelasfuentes,2020/06/10 07:00:00,6.0,22.82,,223.0,848.17,,262,
565,Alcobendas - Chopera,2020/06/09 07:00:00,,10.88,,178.0,645.79,,8,
566,La Moraleja,2020/06/09 07:00:00,,8.41,,173.0,727.59,,125,
567,Marqués de la Valdavia,2020/06/09 07:00:00,,0.0,,107.0,609.24,,160,
568,Miraflores,2020/06/09 07:00:00,,0.0,,159.0,727.86,,172,
569,Valdelasfuentes,2020/06/09 07:00:00,6.0,22.82,,222.0,844.36,,262,
570,Alcobendas - Chopera,2020/06/08 07:00:00,,10.88,,177.0,642.17,,8,
571,La Moraleja,2020/06/08 07:00:00,,8.41,,173.0,727.59,,125,
572,Marqués de la Valdavia,2020/06/08 07:00:00,,0.0,,107.0,609.24,,160,
573,Miraflores,2020/06/08 07:00:00,,0.0,,159.0,727.86,,172,
574,Valdelasfuentes,2020/06/08 07:00:00,9.0,34.23,,222.0,844.36,,262,
575,Alcobendas - Chopera,2020/06/07 07:00:00,,10.88,,177.0,642.17,,8,
576,La Moraleja,2020/06/07 07:00:00,,8.41,,172.0,723.39,,125,
577,Marqués de la Valdavia,2020/06/07 07:00:00,,0.0,,107.0,609.24,,160,
578,Miraflores,2020/06/07 07:00:00,,0.0,,159.0,727.86,,172,
579,Valdelasfuentes,2020/06/07 07:00:00,9.0,34.23,,222.0,844.36,,262,
580,Alcobendas - Chopera,2020/06/06 07:00:00,,10.88,,177.0,642.17,,8,
581,La Moraleja,2020/06/06 07:00:00,,8.41,,172.0,723.39,,125,
582,Marqués de la Valdavia,2020/06/06 07:00:00,,0.0,,107.0,609.24,,160,
583,Miraflores,2020/06/06 07:00:00,,0.0,,159.0,727.86,,172,
584,Valdelasfuentes,2020/06/06 07:00:00,11.0,41.84,,222.0,844.36,,262,
585,Alcobendas - Chopera,2020/06/05 07:00:00,,10.88,,177.0,642.17,,8,
586,La Moraleja,2020/06/05 07:00:00,,12.62,,172.0,723.39,,125,
587,Marqués de la Valdavia,2020/06/05 07:00:00,,0.0,,108.0,614.93,,160,
588,Miraflores,2020/06/05 07:00:00,,0.0,,159.0,727.86,,172,
589,Valdelasfuentes,2020/06/05 07:00:00,13.0,49.44,,218.0,829.15,,262,
590,Alcobendas - Chopera,2020/06/04 07:00:00,,10.88,,178.0,645.79,,8,
591,La Moraleja,2020/06/04 07:00:00,,8.41,,173.0,727.59,,125,
592,Marqués de la Valdavia,2020/06/04 07:00:00,,0.0,,108.0,614.93,,160,
593,Miraflores,2020/06/04 07:00:00,,4.58,,161.0,737.01,,172,
594,Valdelasfuentes,2020/06/04 07:00:00,12.0,45.64,,218.0,829.15,,262,
595,Alcobendas - Chopera,2020/06/03 07:00:00,,10.88,,178.0,645.79,,8,
596,La Moraleja,2020/06/03 07:00:00,,8.41,,176.0,740.21,,125,
597,Marqués de la Valdavia,2020/06/03 07:00:00,,0.0,,108.0,614.93,,160,
598,Miraflores,2020/06/03 07:00:00,,18.31,,162.0,741.59,,172,
599,Valdelasfuentes,2020/06/03 07:00:00,11.0,41.84,,219.0,832.95,,262,
600,Alcobendas - Chopera,2020/06/02 07:00:00,,7.26,,176.0,638.54,,8,
601,La Moraleja,2020/06/02 07:00:00,,8.41,,172.0,723.39,,125,
602,Marqués de la Valdavia,2020/06/02 07:00:00,,0.0,,107.0,609.24,,160,
603,Miraflores,2020/06/02 07:00:00,,13.73,,159.0,727.86,,172,
604,Valdelasfuentes,2020/06/02 07:00:00,13.0,49.44,,217.0,825.35,,262,
605,Alcobendas - Chopera,2020/06/01 07:00:00,,3.63,,175.0,634.91,,8,
606,La Moraleja,2020/06/01 07:00:00,,8.41,,171.0,719.18,,125,
607,Marqués de la Valdavia,2020/06/01 07:00:00,,5.69,,107.0,609.24,,160,
608,Miraflores,2020/06/01 07:00:00,,13.73,,159.0,727.86,,172,
609,Valdelasfuentes,2020/06/01 07:00:00,16.0,60.86,,213.0,810.13,,262,
610,Alcobendas - Chopera,2020/05/31 07:00:00,,3.63,,175.0,634.91,,8,
611,La Moraleja,2020/05/31 07:00:00,,8.41,,171.0,719.18,,125,
612,Marqués de la Valdavia,2020/05/31 07:00:00,,5.69,,107.0,609.24,,160,
613,Miraflores,2020/05/31 07:00:00,,13.73,,159.0,727.86,,172,
614,Valdelasfuentes,2020/05/31 07:00:00,16.0,60.86,,213.0,810.13,,262,
615,Alcobendas - Chopera,2020/05/30 07:00:00,,0.0,,174.0,631.28,,8,
616,La Moraleja,2020/05/30 07:00:00,,8.41,,171.0,719.18,,125,
617,Marqués de la Valdavia,2020/05/30 07:00:00,,5.69,,107.0,609.24,,160,
618,Miraflores,2020/05/30 07:00:00,,13.73,,159.0,727.86,,172,
619,Valdelasfuentes,2020/05/30 07:00:00,15.0,57.05,,212.0,806.33,,262,
620,Alcobendas - Chopera,2020/05/29 07:00:00,,0.0,,174.0,631.28,,8,
621,La Moraleja,2020/05/29 07:00:00,,8.41,,171.0,719.18,,125,
622,Marqués de la Valdavia,2020/05/29 07:00:00,,11.39,,107.0,609.24,,160,
623,Miraflores,2020/05/29 07:00:00,,18.31,,159.0,727.86,,172,
624,Valdelasfuentes,2020/05/29 07:00:00,15.0,57.05,,212.0,806.33,,262,
625,Alcobendas - Chopera,2020/05/28 07:00:00,,0.0,,173.0,627.65,,8,
626,La Moraleja,2020/05/28 07:00:00,,12.62,,170.0,714.98,,125,
627,Marqués de la Valdavia,2020/05/28 07:00:00,,17.08,,107.0,609.24,,160,
628,Miraflores,2020/05/28 07:00:00,,18.31,,159.0,727.86,,172,
629,Valdelasfuentes,2020/05/28 07:00:00,18.0,68.46,,212.0,806.33,,262,
630,Alcobendas - Chopera,2020/05/27 07:00:00,,0.0,,172.0,624.02,,8,
631,La Moraleja,2020/05/27 07:00:00,,16.82,,170.0,714.98,,125,
632,Marqués de la Valdavia,2020/05/27 07:00:00,,17.08,,107.0,609.24,,160,
633,Miraflores,2020/05/27 07:00:00,,13.73,,158.0,723.28,,172,
634,Valdelasfuentes,2020/05/27 07:00:00,20.0,76.07,,209.0,794.92,,262,
635,Alcobendas - Chopera,2020/05/26 07:00:00,,0.0,,172.0,624.02,,8,
636,La Moraleja,2020/05/26 07:00:00,,21.03,,170.0,714.98,,125,
637,Marqués de la Valdavia,2020/05/26 07:00:00,,17.08,,107.0,609.24,,160,
638,Miraflores,2020/05/26 07:00:00,,13.73,,158.0,723.28,,172,
639,Valdelasfuentes,2020/05/26 07:00:00,29.0,110.3,,208.0,791.12,,262,
640,Alcobendas - Chopera,2020/05/25 07:00:00,,3.63,,172.0,624.02,,8,
641,La Moraleja,2020/05/25 07:00:00,6.0,25.23,,169.0,710.77,,125,
642,Marqués de la Valdavia,2020/05/25 07:00:00,,17.08,,107.0,609.24,,160,
643,Miraflores,2020/05/25 07:00:00,,22.89,,158.0,723.28,,172,
644,Valdelasfuentes,2020/05/25 07:00:00,32.0,121.71,,202.0,768.29,,262,
645,Alcobendas - Chopera,2020/05/24 07:00:00,,3.63,,172.0,624.02,,8,
646,La Moraleja,2020/05/24 07:00:00,,21.03,,168.0,706.57,,125,
647,Marqués de la Valdavia,2020/05/24 07:00:00,,17.08,,107.0,609.24,,160,
648,Miraflores,2020/05/24 07:00:00,,18.31,,157.0,718.7,,172,
649,Valdelasfuentes,2020/05/24 07:00:00,32.0,121.71,,202.0,768.29,,262,
650,Alcobendas - Chopera,2020/05/23 07:00:00,,3.63,,172.0,624.02,,8,
651,La Moraleja,2020/05/23 07:00:00,,16.82,,167.0,702.36,,125,
652,Marqués de la Valdavia,2020/05/23 07:00:00,,11.39,,106.0,603.54,,160,
653,Miraflores,2020/05/23 07:00:00,,18.31,,157.0,718.7,,172,
654,Valdelasfuentes,2020/05/23 07:00:00,31.0,117.91,,200.0,760.69,,262,
655,Alcobendas - Chopera,2020/05/22 07:00:00,,0.0,,171.0,620.4,,8,
656,La Moraleja,2020/05/22 07:00:00,,16.82,,167.0,702.36,,125,
657,Marqués de la Valdavia,2020/05/22 07:00:00,,11.39,,106.0,603.54,,160,
658,Miraflores,2020/05/22 07:00:00,,18.31,,157.0,718.7,,172,
659,Valdelasfuentes,2020/05/22 07:00:00,30.0,114.1,,198.0,753.08,,262,
660,Alcobendas - Chopera,2020/05/21 07:00:00,,0.0,,171.0,620.4,,8,
661,La Moraleja,2020/05/21 07:00:00,,21.03,,167.0,702.36,,125,
662,Marqués de la Valdavia,2020/05/21 07:00:00,,11.39,,106.0,603.54,,160,
663,Miraflores,2020/05/21 07:00:00,,13.73,,156.0,714.12,,172,
664,Valdelasfuentes,2020/05/21 07:00:00,31.0,117.91,,198.0,753.08,,262,
665,Alcobendas - Chopera,2020/05/20 07:00:00,,7.26,,170.0,616.77,,8,
666,La Moraleja,2020/05/20 07:00:00,7.0,29.44,,167.0,702.36,,125,
667,Marqués de la Valdavia,2020/05/20 07:00:00,,11.39,,106.0,603.54,,160,
668,Miraflores,2020/05/20 07:00:00,,9.16,,155.0,709.54,,172,
669,Valdelasfuentes,2020/05/20 07:00:00,31.0,117.91,,198.0,753.08,,262,
670,Alcobendas - Chopera,2020/05/19 07:00:00,,10.88,,170.0,616.77,,8,
671,La Moraleja,2020/05/19 07:00:00,9.0,37.85,,167.0,702.36,,125,
672,Marqués de la Valdavia,2020/05/19 07:00:00,,11.39,,105.0,597.85,,160,
673,Miraflores,2020/05/19 07:00:00,,13.73,,155.0,709.54,,172,
674,Valdelasfuentes,2020/05/19 07:00:00,30.0,114.1,,196.0,745.47,,262,
675,Alcobendas - Chopera,2020/05/18 07:00:00,,18.14,,170.0,616.77,,8,
676,La Moraleja,2020/05/18 07:00:00,8.0,33.65,,166.0,698.15,,125,
677,Marqués de la Valdavia,2020/05/18 07:00:00,,17.08,,105.0,597.85,,160,
678,Miraflores,2020/05/18 07:00:00,,18.31,,155.0,709.54,,172,
679,Valdelasfuentes,2020/05/18 07:00:00,24.0,91.28,,190.0,722.65,,262,
680,Alcobendas - Chopera,2020/05/17 07:00:00,,18.14,,171.0,620.4,,8,
681,La Moraleja,2020/05/17 07:00:00,9.0,37.85,,166.0,698.15,,125,
682,Marqués de la Valdavia,2020/05/17 07:00:00,,17.08,,105.0,597.85,,160,
683,Miraflores,2020/05/17 07:00:00,,18.31,,155.0,709.54,,172,
684,Valdelasfuentes,2020/05/17 07:00:00,24.0,91.28,,190.0,722.65,,262,
685,Alcobendas - Chopera,2020/05/16 07:00:00,,18.14,,171.0,620.4,,8,
686,La Moraleja,2020/05/16 07:00:00,10.0,42.06,,166.0,698.15,,125,
687,Marqués de la Valdavia,2020/05/16 07:00:00,,17.08,,104.0,592.15,,160,
688,Miraflores,2020/05/16 07:00:00,,13.73,,154.0,704.97,,172,
689,Valdelasfuentes,2020/05/16 07:00:00,25.0,95.09,,190.0,722.65,,262,
690,Alcobendas - Chopera,2020/05/15 07:00:00,,18.14,,171.0,620.4,,8,
691,La Moraleja,2020/05/15 07:00:00,11.0,46.26,,166.0,698.15,,125,
692,Marqués de la Valdavia,2020/05/15 07:00:00,,11.39,,103.0,586.46,,160,
693,Miraflores,2020/05/15 07:00:00,,13.73,,154.0,704.97,,172,
694,Valdelasfuentes,2020/05/15 07:00:00,25.0,95.09,,190.0,722.65,,262,
695,Alcobendas - Chopera,2020/05/14 07:00:00,,18.14,,171.0,620.4,,8,
696,La Moraleja,2020/05/14 07:00:00,13.0,54.67,,166.0,698.15,,125,
697,Marqués de la Valdavia,2020/05/14 07:00:00,,11.39,,103.0,586.46,,160,
698,Miraflores,2020/05/14 07:00:00,,13.73,,154.0,704.97,,172,
699,Valdelasfuentes,2020/05/14 07:00:00,21.0,79.87,,173.0,657.99,,262,
700,Alcobendas - Chopera,2020/05/13 07:00:00,6.0,21.77,,170.0,616.77,,8,
701,La Moraleja,2020/05/13 07:00:00,12.0,50.47,,164.0,689.74,,125,
702,Marqués de la Valdavia,2020/05/13 07:00:00,,17.08,,104.0,592.15,,160,
703,Miraflores,2020/05/13 07:00:00,,13.73,,154.0,704.97,,172,
704,Valdelasfuentes,2020/05/13 07:00:00,21.0,79.87,,169.0,642.78,,262,
705,Alcobendas - Chopera,2020/05/12 07:00:00,7.0,25.4,,170.0,616.77,,8,
706,La Moraleja,2020/05/12 07:00:00,12.0,50.47,,163.0,685.54,,125,
707,Marqués de la Valdavia,2020/05/12 07:00:00,,17.08,,104.0,592.15,,160,
708,Miraflores,2020/05/12 07:00:00,,9.16,,153.0,700.39,,172,
709,Valdelasfuentes,2020/05/12 07:00:00,11.0,41.84,,156.0,593.34,,262,
710,Alcobendas - Chopera,2020/05/11 07:00:00,7.0,25.4,,170.0,616.77,,8,
711,La Moraleja,2020/05/11 07:00:00,18.0,75.7,,161.0,677.12,,125,
712,Marqués de la Valdavia,2020/05/11 07:00:00,,11.39,,103.0,586.46,,160,
713,Miraflores,2020/05/11 07:00:00,,18.31,,153.0,700.39,,172,
714,Valdelasfuentes,2020/05/11 07:00:00,,15.21,,148.0,562.91,,262,
715,Alcobendas - Chopera,2020/05/10 07:00:00,8.0,29.02,,170.0,616.77,,8,
716,La Moraleja,2020/05/10 07:00:00,18.0,75.7,,161.0,677.12,,125,
717,Marqués de la Valdavia,2020/05/10 07:00:00,,11.39,,103.0,586.46,,160,
718,Miraflores,2020/05/10 07:00:00,,18.31,,153.0,700.39,,172,
719,Valdelasfuentes,2020/05/10 07:00:00,,15.21,,148.0,562.91,,262,
720,Alcobendas - Chopera,2020/05/09 07:00:00,9.0,32.65,,170.0,616.77,,8,
721,La Moraleja,2020/05/09 07:00:00,17.0,71.5,,160.0,672.92,,125,
722,Marqués de la Valdavia,2020/05/09 07:00:00,,17.08,,103.0,586.46,,160,
723,Miraflores,2020/05/09 07:00:00,6.0,27.47,,153.0,700.39,,172,
724,Valdelasfuentes,2020/05/09 07:00:00,,19.02,,148.0,562.91,,262,
725,Alcobendas - Chopera,2020/05/08 07:00:00,11.0,39.91,,169.0,613.14,,8,
726,La Moraleja,2020/05/08 07:00:00,17.0,71.5,,160.0,672.92,,125,
727,Marqués de la Valdavia,2020/05/08 07:00:00,,17.08,,103.0,586.46,,160,
728,Miraflores,2020/05/08 07:00:00,6.0,27.47,,153.0,700.39,,172,
729,Valdelasfuentes,2020/05/08 07:00:00,7.0,26.62,,147.0,559.11,,262,
730,Alcobendas - Chopera,2020/05/07 07:00:00,10.0,36.28,,168.0,609.51,,8,
731,La Moraleja,2020/05/07 07:00:00,15.0,63.09,,157.0,660.3,,125,
732,Marqués de la Valdavia,2020/05/07 07:00:00,,22.78,,102.0,580.77,,160,
733,Miraflores,2020/05/07 07:00:00,7.0,32.04,,153.0,700.39,,172,
734,Valdelasfuentes,2020/05/07 07:00:00,6.0,22.82,,146.0,555.3,,262,
735,Alcobendas - Chopera,2020/05/06 07:00:00,8.0,29.02,,166.0,602.26,,8,
736,La Moraleja,2020/05/06 07:00:00,17.0,71.5,,155.0,651.89,,125,
737,Marqués de la Valdavia,2020/05/06 07:00:00,6.0,34.16,,102.0,580.77,,160,
738,Miraflores,2020/05/06 07:00:00,11.0,50.35,,152.0,695.81,,172,
739,Valdelasfuentes,2020/05/06 07:00:00,6.0,22.82,,143.0,543.89,,262,
740,Alcobendas - Chopera,2020/05/05 07:00:00,8.0,29.02,,165.0,598.63,,8,
741,La Moraleja,2020/05/05 07:00:00,18.0,75.7,,155.0,651.89,,125,
742,Marqués de la Valdavia,2020/05/05 07:00:00,6.0,34.16,,101.0,575.07,,160,
743,Miraflores,2020/05/05 07:00:00,13.0,59.51,,152.0,695.81,,172,
744,Valdelasfuentes,2020/05/05 07:00:00,9.0,34.23,,143.0,543.89,,262,
745,Alcobendas - Chopera,2020/05/04 07:00:00,9.0,32.65,,164.0,595.0,,8,
746,La Moraleja,2020/05/04 07:00:00,19.0,79.91,,151.0,635.07,,125,
747,Marqués de la Valdavia,2020/05/04 07:00:00,6.0,34.16,,101.0,575.07,,160,
748,Miraflores,2020/05/04 07:00:00,12.0,54.93,,150.0,686.66,,172,
749,Valdelasfuentes,2020/05/04 07:00:00,11.0,41.84,,141.0,536.28,,262,
750,Alcobendas - Chopera,2020/05/03 07:00:00,10.0,36.28,,164.0,595.0,,8,
751,La Moraleja,2020/05/03 07:00:00,18.0,75.7,,150.0,630.86,,125,
752,Marqués de la Valdavia,2020/05/03 07:00:00,7.0,39.86,,101.0,575.07,,160,
753,Miraflores,2020/05/03 07:00:00,12.0,54.93,,149.0,682.08,,172,
754,Valdelasfuentes,2020/05/03 07:00:00,11.0,41.84,,141.0,536.28,,262,
755,Alcobendas - Chopera,2020/05/02 07:00:00,16.0,58.05,,164.0,595.0,,8,
756,La Moraleja,2020/05/02 07:00:00,18.0,75.7,,149.0,626.66,,125,
757,Marqués de la Valdavia,2020/05/02 07:00:00,7.0,39.86,,101.0,575.07,,160,
758,Miraflores,2020/05/02 07:00:00,13.0,59.51,,149.0,682.08,,172,
759,Valdelasfuentes,2020/05/02 07:00:00,10.0,38.03,,140.0,532.48,,262,
760,Alcobendas - Chopera,2020/05/01 07:00:00,19.0,68.93,,164.0,595.0,,8,
761,La Moraleja,2020/05/01 07:00:00,22.0,92.53,,149.0,626.66,,125,
762,Marqués de la Valdavia,2020/05/01 07:00:00,10.0,56.94,,101.0,575.07,,160,
763,Miraflores,2020/05/01 07:00:00,13.0,59.51,,149.0,682.08,,172,
764,Valdelasfuentes,2020/05/01 07:00:00,12.0,45.64,,140.0,532.48,,262,
765,Alcobendas - Chopera,2020/04/30 07:00:00,20.0,72.56,,164.0,595.0,,8,
766,La Moraleja,2020/04/30 07:00:00,15.0,63.09,,142.0,597.22,,125,
767,Marqués de la Valdavia,2020/04/30 07:00:00,13.0,74.02,,102.0,580.77,,160,
768,Miraflores,2020/04/30 07:00:00,15.0,68.67,,149.0,682.08,,172,
769,Valdelasfuentes,2020/04/30 07:00:00,12.0,45.64,,139.0,528.68,,262,
770,Alcobendas - Chopera,2020/04/29 07:00:00,19.0,68.93,,161.0,584.12,,8,
771,La Moraleja,2020/04/29 07:00:00,22.0,92.53,,142.0,597.22,,125,
772,Marqués de la Valdavia,2020/04/29 07:00:00,18.0,102.49,,102.0,580.77,,160,
773,Miraflores,2020/04/29 07:00:00,20.0,91.55,,148.0,677.5,,172,
774,Valdelasfuentes,2020/04/29 07:00:00,16.0,60.86,,137.0,521.07,,262,
775,Alcobendas - Chopera,2020/04/28 07:00:00,22.0,79.82,,159.0,576.86,,8,
776,La Moraleja,2020/04/28 07:00:00,22.0,92.53,,141.0,593.01,,125,
777,Marqués de la Valdavia,2020/04/28 07:00:00,21.0,119.57,,102.0,580.77,,160,
778,Miraflores,2020/04/28 07:00:00,25.0,114.44,,148.0,677.5,,172,
779,Valdelasfuentes,2020/04/28 07:00:00,16.0,60.86,,137.0,521.07,,262,
780,Alcobendas - Chopera,2020/04/27 07:00:00,27.0,97.96,,157.0,569.6,,8,
781,La Moraleja,2020/04/27 07:00:00,23.0,96.73,,141.0,593.01,,125,
782,Marqués de la Valdavia,2020/04/27 07:00:00,20.0,113.88,,101.0,575.07,,160,
783,Miraflores,2020/04/27 07:00:00,27.0,123.6,,145.0,663.77,,172,
784,Valdelasfuentes,2020/04/27 07:00:00,16.0,60.86,,136.0,517.27,,262,
785,Alcobendas - Chopera,2020/04/26 07:00:00,28.0,101.59,,157.0,569.6,,8,
786,La Moraleja,2020/04/26 07:00:00,23.0,96.73,,141.0,593.01,,125,
787,Marqués de la Valdavia,2020/04/26 07:00:00,21.0,119.57,,100.0,569.38,,160,
788,Miraflores,2020/04/26 07:00:00,27.0,123.6,,144.0,659.19,,172,
789,Valdelasfuentes,2020/04/26 07:00:00,17.0,64.66,,136.0,517.27,,262,
790,Alcobendas - Chopera,2020/04/25 07:00:00,27.0,97.96,,155.0,562.35,,8,
791,La Moraleja,2020/04/25 07:00:00,25.0,105.14,,140.0,588.8,,125,
792,Marqués de la Valdavia,2020/04/25 07:00:00,21.0,119.57,,99.0,563.69,,160,
793,Miraflores,2020/04/25 07:00:00,28.0,128.18,,143.0,654.61,,172,
794,Valdelasfuentes,2020/04/25 07:00:00,17.0,64.66,,135.0,513.46,,262,
795,Alcobendas - Chopera,2020/04/24 07:00:00,29.0,105.21,,153.0,555.09,,8,
796,La Moraleja,2020/04/24 07:00:00,25.0,105.14,,138.0,580.39,,125,
797,Marqués de la Valdavia,2020/04/24 07:00:00,24.0,136.65,,97.0,552.3,,160,
798,Miraflores,2020/04/24 07:00:00,37.0,169.38,,143.0,654.61,,172,
799,Valdelasfuentes,2020/04/24 07:00:00,18.0,68.46,,135.0,513.46,,262,
800,Alcobendas - Chopera,2020/04/23 07:00:00,34.0,123.35,,152.0,551.46,,8,
801,La Moraleja,2020/04/23 07:00:00,26.0,109.35,,134.0,563.57,,125,
802,Marqués de la Valdavia,2020/04/23 07:00:00,31.0,176.51,,95.0,540.91,,160,
803,Miraflores,2020/04/23 07:00:00,32.0,146.49,,137.0,627.15,,172,
804,Valdelasfuentes,2020/04/23 07:00:00,16.0,60.86,,129.0,490.64,,262,
805,Alcobendas - Chopera,2020/04/22 07:00:00,38.0,137.87,,152.0,551.46,,8,
806,La Moraleja,2020/04/22 07:00:00,27.0,113.56,,129.0,542.54,,125,
807,Marqués de la Valdavia,2020/04/22 07:00:00,33.0,187.9,,93.0,529.52,,160,
808,Miraflores,2020/04/22 07:00:00,41.0,187.69,,136.0,622.57,,172,
809,Valdelasfuentes,2020/04/22 07:00:00,19.0,72.27,,127.0,483.04,,262,
810,Alcobendas - Chopera,2020/04/21 07:00:00,48.0,174.15,,152.0,551.46,,8,
811,La Moraleja,2020/04/21 07:00:00,30.0,126.17,,106.0,445.81,,125,
812,Marqués de la Valdavia,2020/04/21 07:00:00,38.0,216.36,,92.0,523.83,,160,
813,Miraflores,2020/04/21 07:00:00,48.0,219.73,,134.0,613.41,,172,
814,Valdelasfuentes,2020/04/21 07:00:00,23.0,87.48,,124.0,471.63,,262,
815,Alcobendas - Chopera,2020/04/20 07:00:00,49.0,177.77,,146.0,529.7,,8,
816,La Moraleja,2020/04/20 07:00:00,28.0,117.76,,102.0,428.99,,125,
817,Marqués de la Valdavia,2020/04/20 07:00:00,38.0,216.36,,91.0,518.13,,160,
818,Miraflores,2020/04/20 07:00:00,52.0,238.04,,132.0,604.26,,172,
819,Valdelasfuentes,2020/04/20 07:00:00,25.0,95.09,,121.0,460.22,,262,
820,Alcobendas - Chopera,2020/04/19 07:00:00,53.0,192.29,,145.0,526.07,,8,
821,La Moraleja,2020/04/19 07:00:00,25.0,105.14,,99.0,416.37,,125,
822,Marqués de la Valdavia,2020/04/19 07:00:00,45.0,256.22,,91.0,518.13,,160,
823,Miraflores,2020/04/19 07:00:00,55.0,251.77,,132.0,604.26,,172,
824,Valdelasfuentes,2020/04/19 07:00:00,29.0,110.3,,121.0,460.22,,262,
825,Alcobendas - Chopera,2020/04/18 07:00:00,52.0,188.66,,140.0,507.93,,8,
826,La Moraleja,2020/04/18 07:00:00,22.0,92.53,,94.0,395.34,,125,
827,Marqués de la Valdavia,2020/04/18 07:00:00,46.0,261.91,,88.0,501.05,,160,
828,Miraflores,2020/04/18 07:00:00,57.0,260.93,,130.0,595.1,,172,
829,Valdelasfuentes,2020/04/18 07:00:00,32.0,121.71,,118.0,448.81,,262,
830,Alcobendas - Chopera,2020/04/17 07:00:00,52.0,188.66,,137.0,497.04,,8,
831,La Moraleja,2020/04/17 07:00:00,24.0,100.94,,90.0,378.52,,125,
832,Marqués de la Valdavia,2020/04/17 07:00:00,44.0,250.53,,84.0,478.28,,160,
833,Miraflores,2020/04/17 07:00:00,65.0,297.55,,130.0,595.1,,172,
834,Valdelasfuentes,2020/04/17 07:00:00,39.0,148.33,,116.0,441.2,,262,
835,Alcobendas - Chopera,2020/04/16 07:00:00,54.0,195.91,,135.0,489.79,,8,
836,La Moraleja,2020/04/16 07:00:00,21.0,88.32,,86.0,361.69,,125,
837,Marqués de la Valdavia,2020/04/16 07:00:00,42.0,239.14,,82.0,466.89,,160,
838,Miraflores,2020/04/16 07:00:00,60.0,274.66,,123.0,563.06,,172,
839,Valdelasfuentes,2020/04/16 07:00:00,40.0,152.14,,115.0,437.4,,262,
840,Alcobendas - Chopera,2020/04/15 07:00:00,53.0,192.29,,132.0,478.9,,8,
841,La Moraleja,2020/04/15 07:00:00,20.0,84.11,,83.0,349.08,,125,
842,Marqués de la Valdavia,2020/04/15 07:00:00,39.0,222.06,,77.0,438.42,,160,
843,Miraflores,2020/04/15 07:00:00,61.0,279.24,,120.0,549.32,,172,
844,Valdelasfuentes,2020/04/15 07:00:00,41.0,155.94,,111.0,422.18,,262,
845,Alcobendas - Chopera,2020/04/14 07:00:00,54.0,195.91,,128.0,464.39,,8,
846,La Moraleja,2020/04/14 07:00:00,22.0,92.53,,80.0,336.46,,125,
847,Marqués de la Valdavia,2020/04/14 07:00:00,37.0,210.67,,73.0,415.65,,160,
848,Miraflores,2020/04/14 07:00:00,62.0,283.82,,117.0,535.59,,172,
849,Valdelasfuentes,2020/04/14 07:00:00,45.0,171.15,,111.0,422.18,,262,
850,Alcobendas - Chopera,2020/04/13 07:00:00,53.0,192.29,,120.0,435.37,,8,
851,La Moraleja,2020/04/13 07:00:00,23.0,96.73,,79.0,332.25,,125,
852,Marqués de la Valdavia,2020/04/13 07:00:00,36.0,204.98,,70.0,398.57,,160,
853,Miraflores,2020/04/13 07:00:00,60.0,274.66,,114.0,521.86,,172,
854,Valdelasfuentes,2020/04/13 07:00:00,54.0,205.39,,111.0,422.18,,262,
855,Alcobendas - Chopera,2020/04/12 07:00:00,49.0,177.77,,116.0,420.85,,8,
856,La Moraleja,2020/04/12 07:00:00,23.0,96.73,,79.0,332.25,,125,
857,Marqués de la Valdavia,2020/04/12 07:00:00,38.0,216.36,,68.0,387.18,,160,
858,Miraflores,2020/04/12 07:00:00,55.0,251.77,,108.0,494.39,,172,
859,Valdelasfuentes,2020/04/12 07:00:00,55.0,209.19,,110.0,418.38,,262,
860,Alcobendas - Chopera,2020/04/11 07:00:00,46.0,166.89,,111.0,402.71,,8,
861,La Moraleja,2020/04/11 07:00:00,26.0,109.35,,78.0,328.05,,125,
862,Marqués de la Valdavia,2020/04/11 07:00:00,32.0,182.2,,65.0,370.1,,160,
863,Miraflores,2020/04/11 07:00:00,48.0,219.73,,101.0,462.35,,172,
864,Valdelasfuentes,2020/04/11 07:00:00,55.0,209.19,,110.0,418.38,,262,
865,Alcobendas - Chopera,2020/04/10 07:00:00,60.0,217.68,,108.0,391.83,,8,
866,La Moraleja,2020/04/10 07:00:00,36.0,151.41,,76.0,319.64,,125,
867,Marqués de la Valdavia,2020/04/10 07:00:00,32.0,182.2,,60.0,341.63,,160,
868,Miraflores,2020/04/10 07:00:00,52.0,238.04,,97.0,444.04,,172,
869,Valdelasfuentes,2020/04/10 07:00:00,58.0,220.6,,107.0,406.97,,262,
870,Alcobendas - Chopera,2020/04/09 07:00:00,71.0,257.59,,108.0,391.83,,8,
871,La Moraleja,2020/04/09 07:00:00,39.0,164.02,,74.0,311.23,,125,
872,Marqués de la Valdavia,2020/04/09 07:00:00,32.0,182.2,,57.0,324.55,,160,
873,Miraflores,2020/04/09 07:00:00,53.0,242.62,,94.0,430.3,,172,
874,Valdelasfuentes,2020/04/09 07:00:00,70.0,266.24,,105.0,399.36,,262,
875,Alcobendas - Chopera,2020/04/08 07:00:00,73.0,264.85,,105.0,380.95,,8,
876,La Moraleja,2020/04/08 07:00:00,42.0,176.64,,72.0,302.81,,125,
877,Marqués de la Valdavia,2020/04/08 07:00:00,37.0,210.67,,57.0,324.55,,160,
878,Miraflores,2020/04/08 07:00:00,58.0,265.51,,90.0,411.99,,172,
879,Valdelasfuentes,2020/04/08 07:00:00,76.0,289.06,,101.0,384.15,,262,
880,Alcobendas - Chopera,2020/04/07 07:00:00,66.0,239.45,,95.0,344.66,,8,
881,La Moraleja,2020/04/07 07:00:00,44.0,185.05,,70.0,294.4,,125,
882,Marqués de la Valdavia,2020/04/07 07:00:00,31.0,176.51,,50.0,284.69,,160,
883,Miraflores,2020/04/07 07:00:00,53.0,242.62,,82.0,375.37,,172,
884,Valdelasfuentes,2020/04/07 07:00:00,72.0,273.85,,96.0,365.13,,262,
885,Alcobendas - Chopera,2020/04/06 07:00:00,63.0,228.57,,90.0,326.52,,8,
886,La Moraleja,2020/04/06 07:00:00,43.0,180.85,,68.0,285.99,,125,
887,Marqués de la Valdavia,2020/04/06 07:00:00,32.0,182.2,,50.0,284.69,,160,
888,Miraflores,2020/04/06 07:00:00,47.0,215.15,,74.0,338.75,,172,
889,Valdelasfuentes,2020/04/06 07:00:00,70.0,266.24,,90.0,342.31,,262,
890,Alcobendas - Chopera,2020/04/05 07:00:00,61.0,221.31,,84.0,304.76,,8,
891,La Moraleja,2020/04/05 07:00:00,40.0,168.23,,63.0,264.96,,125,
892,Marqués de la Valdavia,2020/04/05 07:00:00,24.0,136.65,,41.0,233.45,,160,
893,Miraflores,2020/04/05 07:00:00,45.0,206.0,,67.0,306.71,,172,
894,Valdelasfuentes,2020/04/05 07:00:00,69.0,262.44,,86.0,327.1,,262,
895,Alcobendas - Chopera,2020/04/04 07:00:00,60.0,217.68,,83.0,301.13,,8,
896,La Moraleja,2020/04/04 07:00:00,41.0,172.44,,63.0,264.96,,125,
897,Marqués de la Valdavia,2020/04/04 07:00:00,22.0,125.26,,39.0,222.06,,160,
898,Miraflores,2020/04/04 07:00:00,44.0,201.42,,65.0,297.55,,172,
899,Valdelasfuentes,2020/04/04 07:00:00,62.0,235.81,,82.0,311.88,,262,
900,Alcobendas - Chopera,2020/04/03 07:00:00,62.0,224.94,,82.0,297.5,,8,
901,La Moraleja,2020/04/03 07:00:00,48.0,201.88,,62.0,260.76,,125,
902,Marqués de la Valdavia,2020/04/03 07:00:00,25.0,142.34,,39.0,222.06,,160,
903,Miraflores,2020/04/03 07:00:00,42.0,192.26,,60.0,274.66,,172,
904,Valdelasfuentes,2020/04/03 07:00:00,56.0,212.99,,70.0,266.24,,262,
905,Alcobendas - Chopera,2020/04/02 07:00:00,55.0,199.54,,73.0,264.85,,8,
906,La Moraleja,2020/04/02 07:00:00,46.0,193.46,,57.0,239.73,,125,
907,Marqués de la Valdavia,2020/04/02 07:00:00,23.0,130.96,,37.0,210.67,,160,
908,Miraflores,2020/04/02 07:00:00,37.0,169.38,,55.0,251.77,,172,
909,Valdelasfuentes,2020/04/02 07:00:00,52.0,197.78,,65.0,247.22,,262,
910,Alcobendas - Chopera,2020/04/01 07:00:00,50.0,181.4,,67.0,243.08,,8,
911,La Moraleja,2020/04/01 07:00:00,41.0,172.44,,51.0,214.49,,125,
912,Marqués de la Valdavia,2020/04/01 07:00:00,22.0,125.26,,36.0,204.98,,160,
913,Miraflores,2020/04/01 07:00:00,34.0,155.64,,51.0,233.46,,172,
914,Valdelasfuentes,2020/04/01 07:00:00,50.0,190.17,,62.0,235.81,,262,
915,Alcobendas - Chopera,2020/03/31 07:00:00,49.0,177.77,,61.0,221.31,,8,
916,La Moraleja,2020/03/31 07:00:00,35.0,147.2,,44.0,185.05,,125,
917,Marqués de la Valdavia,2020/03/31 07:00:00,22.0,125.26,,34.0,193.59,,160,
918,Miraflores,2020/03/31 07:00:00,34.0,155.64,,47.0,215.15,,172,
919,Valdelasfuentes,2020/03/31 07:00:00,47.0,178.76,,57.0,216.8,,262,
920,Alcobendas - Chopera,2020/03/30 07:00:00,49.0,177.77,,59.0,214.06,,8,
921,La Moraleja,2020/03/30 07:00:00,34.0,143.0,,43.0,180.85,,125,
922,Marqués de la Valdavia,2020/03/30 07:00:00,21.0,119.57,,33.0,187.9,,160,
923,Miraflores,2020/03/30 07:00:00,34.0,155.64,,46.0,210.57,,172,
924,Valdelasfuentes,2020/03/30 07:00:00,39.0,148.33,,49.0,186.37,,262,
925,Alcobendas - Chopera,2020/03/29 07:00:00,51.0,185.03,,59.0,214.06,,8,
926,La Moraleja,2020/03/29 07:00:00,35.0,147.2,,43.0,180.85,,125,
927,Marqués de la Valdavia,2020/03/29 07:00:00,18.0,102.49,,29.0,165.12,,160,
928,Miraflores,2020/03/29 07:00:00,34.0,155.64,,45.0,206.0,,172,
929,Valdelasfuentes,2020/03/29 07:00:00,40.0,152.14,,47.0,178.76,,262,
930,Alcobendas - Chopera,2020/03/28 07:00:00,54.0,195.91,,59.0,214.06,,8,
931,La Moraleja,2020/03/28 07:00:00,37.0,155.61,,43.0,180.85,,125,
932,Marqués de la Valdavia,2020/03/28 07:00:00,19.0,108.18,,29.0,165.12,,160,
933,Miraflores,2020/03/28 07:00:00,37.0,169.38,,45.0,206.0,,172,
934,Valdelasfuentes,2020/03/28 07:00:00,41.0,155.94,,47.0,178.76,,262,
935,Alcobendas - Chopera,2020/03/27 07:00:00,47.0,170.52,,49.0,177.77,,8,
936,La Moraleja,2020/03/27 07:00:00,32.0,134.58,,37.0,155.61,,125,
937,Marqués de la Valdavia,2020/03/27 07:00:00,21.0,119.57,,27.0,153.73,,160,
938,Miraflores,2020/03/27 07:00:00,35.0,160.22,,40.0,183.11,,172,
939,Valdelasfuentes,2020/03/27 07:00:00,40.0,152.14,,44.0,167.35,,262,
940,Alcobendas - Chopera,2020/03/26 07:00:00,38.0,137.87,,39.0,141.49,,8,
941,La Moraleja,2020/03/26 07:00:00,30.0,126.17,,33.0,138.79,,125,
942,Marqués de la Valdavia,2020/03/26 07:00:00,19.0,108.18,,24.0,136.65,,160,
943,Miraflores,2020/03/26 07:00:00,31.0,141.91,,36.0,164.8,,172,
944,Valdelasfuentes,2020/03/26 07:00:00,30.0,114.1,,32.0,121.71,,262,
945,Alcobendas - Chopera,2020/03/25 07:00:00,33.0,119.73,,34.0,123.35,,8,
946,La Moraleja,2020/03/25 07:00:00,25.0,105.14,,28.0,117.76,,125,
947,Marqués de la Valdavia,2020/03/25 07:00:00,15.0,85.41,,20.0,113.88,,160,
948,Miraflores,2020/03/25 07:00:00,29.0,132.75,,30.0,137.33,,172,
949,Valdelasfuentes,2020/03/25 07:00:00,23.0,87.48,,25.0,95.09,,262,
950,Alcobendas - Chopera,2020/03/24 07:00:00,29.0,105.21,,30.0,108.84,,8,
951,La Moraleja,2020/03/24 07:00:00,24.0,100.94,,26.0,109.35,,125,
952,Marqués de la Valdavia,2020/03/24 07:00:00,14.0,79.71,,19.0,108.18,,160,
953,Miraflores,2020/03/24 07:00:00,26.0,119.02,,27.0,123.6,,172,
954,Valdelasfuentes,2020/03/24 07:00:00,23.0,87.48,,24.0,91.28,,262,
955,Alcobendas - Chopera,2020/03/23 07:00:00,27.0,97.96,,27.0,97.96,,8,
956,La Moraleja,2020/03/23 07:00:00,24.0,100.94,,25.0,105.14,,125,
957,Marqués de la Valdavia,2020/03/23 07:00:00,15.0,85.41,,18.0,102.49,,160,
958,Miraflores,2020/03/23 07:00:00,25.0,114.44,,26.0,119.02,,172,
959,Valdelasfuentes,2020/03/23 07:00:00,20.0,76.07,,20.0,76.07,,262,
960,Alcobendas - Chopera,2020/03/22 07:00:00,23.0,83.45,,23.0,83.45,,8,
961,La Moraleja,2020/03/22 07:00:00,23.0,96.73,,23.0,96.73,,125,
962,Marqués de la Valdavia,2020/03/22 07:00:00,15.0,85.41,,17.0,96.79,,160,
963,Miraflores,2020/03/22 07:00:00,20.0,91.55,,21.0,96.13,,172,
964,Valdelasfuentes,2020/03/22 07:00:00,17.0,64.66,,17.0,64.66,,262,
965,Alcobendas - Chopera,2020/03/21 07:00:00,23.0,83.45,,23.0,83.45,,8,
966,La Moraleja,2020/03/21 07:00:00,22.0,92.53,,22.0,92.53,,125,
967,Marqués de la Valdavia,2020/03/21 07:00:00,15.0,85.41,,17.0,96.79,,160,
968,Miraflores,2020/03/21 07:00:00,20.0,91.55,,21.0,96.13,,172,
969,Valdelasfuentes,2020/03/21 07:00:00,17.0,64.66,,17.0,64.66,,262,
970,Alcobendas - Chopera,2020/03/20 07:00:00,20.0,72.56,,20.0,72.56,,8,
971,La Moraleja,2020/03/20 07:00:00,14.0,58.88,,14.0,58.88,,125,
972,Marqués de la Valdavia,2020/03/20 07:00:00,13.0,74.02,,14.0,79.71,,160,
973,Miraflores,2020/03/20 07:00:00,18.0,82.4,,18.0,82.4,,172,
974,Valdelasfuentes,2020/03/20 07:00:00,14.0,53.25,,14.0,53.25,,262,
975,Alcobendas - Chopera,2020/03/19 07:00:00,18.0,65.3,,18.0,65.3,,8,
976,La Moraleja,2020/03/19 07:00:00,11.0,46.26,,11.0,46.26,,125,
977,Marqués de la Valdavia,2020/03/19 07:00:00,13.0,74.02,,14.0,79.71,,160,
978,Miraflores,2020/03/19 07:00:00,18.0,82.4,,18.0,82.4,,172,
979,Valdelasfuentes,2020/03/19 07:00:00,13.0,49.44,,13.0,49.44,,262,
980,Alcobendas - Chopera,2020/03/18 07:00:00,17.0,61.68,,17.0,61.68,,8,
981,La Moraleja,2020/03/18 07:00:00,10.0,42.06,,10.0,42.06,,125,
982,Marqués de la Valdavia,2020/03/18 07:00:00,13.0,74.02,,14.0,79.71,,160,
983,Miraflores,2020/03/18 07:00:00,17.0,77.82,,17.0,77.82,,172,
984,Valdelasfuentes,2020/03/18 07:00:00,12.0,45.64,,12.0,45.64,,262,
985,Alcobendas - Chopera,2020/03/17 07:00:00,12.0,43.54,,12.0,43.54,,8,
986,La Moraleja,2020/03/17 07:00:00,9.0,37.85,,9.0,37.85,,125,
987,Marqués de la Valdavia,2020/03/17 07:00:00,11.0,62.63,,12.0,68.33,,160,
988,Miraflores,2020/03/17 07:00:00,13.0,59.51,,13.0,59.51,,172,
989,Valdelasfuentes,2020/03/17 07:00:00,10.0,38.03,,10.0,38.03,,262,
990,Alcobendas - Chopera,2020/03/16 07:00:00,10.0,36.28,,10.0,36.28,,8,
991,La Moraleja,2020/03/16 07:00:00,9.0,37.85,,9.0,37.85,,125,
992,Marqués de la Valdavia,2020/03/16 07:00:00,11.0,62.63,,12.0,68.33,,160,
993,Miraflores,2020/03/16 07:00:00,12.0,54.93,,12.0,54.93,,172,
994,Valdelasfuentes,2020/03/16 07:00:00,10.0,38.03,,10.0,38.03,,262,
995,Alcobendas - Chopera,2020/03/15 07:00:00,8.0,29.02,,8.0,29.02,,8,
996,La Moraleja,2020/03/15 07:00:00,8.0,33.65,,8.0,33.65,,125,
997,Marqués de la Valdavia,2020/03/15 07:00:00,10.0,56.94,,11.0,62.63,,160,
998,Miraflores,2020/03/15 07:00:00,11.0,50.35,,11.0,50.35,,172,
999,Valdelasfuentes,2020/03/15 07:00:00,7.0,26.62,,7.0,26.62,,262,
1000,Alcobendas - Chopera,2020/03/14 07:00:00,,18.14,,,18.14,,8,
1001,La Moraleja,2020/03/14 07:00:00,6.0,25.23,,6.0,25.23,,125,
1002,Marqués de la Valdavia,2020/03/14 07:00:00,9.0,51.24,,10.0,56.94,,160,
1003,Miraflores,2020/03/14 07:00:00,8.0,36.62,,8.0,36.62,,172,
1004,Valdelasfuentes,2020/03/14 07:00:00,6.0,22.82,,6.0,22.82,,262,
1005,Alcobendas - Chopera,2020/03/13 07:00:00,,7.26,,,7.26,,8,
1006,La Moraleja,2020/03/13 07:00:00,,21.03,,,21.03,,125,
1007,Marqués de la Valdavia,2020/03/13 07:00:00,,28.47,,6.0,34.16,,160,
1008,Miraflores,2020/03/13 07:00:00,,22.89,,,22.89,,172,
1009,Valdelasfuentes,2020/03/13 07:00:00,,15.21,,,15.21,,262,
1010,Alcobendas - Chopera,2020/03/12 07:00:00,,3.63,,,3.63,,8,
1011,La Moraleja,2020/03/12 07:00:00,,12.62,,,12.62,,125,
1012,Marqués de la Valdavia,2020/03/12 07:00:00,,28.47,,,28.47,,160,
1013,Miraflores,2020/03/12 07:00:00,,22.89,,,22.89,,172,
1014,Valdelasfuentes,2020/03/12 07:00:00,,7.61,,,7.61,,262,
1015,Alcobendas - Chopera,2020/03/11 07:00:00,,3.63,,,3.63,,8,
1016,La Moraleja,2020/03/11 07:00:00,,12.62,,,12.62,,125,
1017,Marqués de la Valdavia,2020/03/11 07:00:00,,28.47,,,28.47,,160,
1018,Miraflores,2020/03/11 07:00:00,,4.58,,,4.58,,172,
1019,Valdelasfuentes,2020/03/11 07:00:00,,7.61,,,7.61,,262,
1020,Alcobendas - Chopera,2020/03/10 07:00:00,,3.63,,,3.63,,8,
1021,La Moraleja,2020/03/10 07:00:00,,8.41,,,8.41,,125,
1022,Marqués de la Valdavia,2020/03/10 07:00:00,,28.47,,,28.47,,160,
1023,Miraflores,2020/03/10 07:00:00,,4.58,,,4.58,,172,
1024,Valdelasfuentes,2020/03/10 07:00:00,,3.8,,,3.8,,262,
1025,Alcobendas - Chopera,2020/03/09 07:00:00,,0.0,,,0.0,,8,
1026,La Moraleja,2020/03/09 07:00:00,,4.21,,,4.21,,125,
1027,Marqués de la Valdavia,2020/03/09 07:00:00,,17.08,,,17.08,,160,
1028,Miraflores,2020/03/09 07:00:00,,4.58,,,4.58,,172,
1029,Valdelasfuentes,2020/03/09 07:00:00,,0.0,,,0.0,,262,
1030,Alcobendas - Chopera,2020/03/08 07:00:00,,0.0,,,0.0,,8,
1031,La Moraleja,2020/03/08 07:00:00,,0.0,,,0.0,,125,
1032,Marqués de la Valdavia,2020/03/08 07:00:00,,11.39,,,11.39,,160,
1033,Miraflores,2020/03/08 07:00:00,,4.58,,,4.58,,172,
1034,Valdelasfuentes,2020/03/08 07:00:00,,0.0,,,0.0,,262,
1035,Alcobendas - Chopera,2020/03/07 07:00:00,,0.0,,,0.0,,8,
1036,La Moraleja,2020/03/07 07:00:00,,0.0,,,0.0,,125,
1037,Marqués de la Valdavia,2020/03/07 07:00:00,,11.39,,,11.39,,160,
1038,Miraflores,2020/03/07 07:00:00,,4.58,,,4.58,,172,
1039,Valdelasfuentes,2020/03/07 07:00:00,,0.0,,,0.0,,262,
1040,Alcobendas - Chopera,2020/03/06 07:00:00,,0.0,,,0.0,,8,
1041,La Moraleja,2020/03/06 07:00:00,,0.0,,,0.0,,125,
1042,Marqués de la Valdavia,2020/03/06 07:00:00,,5.69,,,5.69,,160,
1043,Miraflores,2020/03/06 07:00:00,,0.0,,,0.0,,172,
1044,Valdelasfuentes,2020/03/06 07:00:00,,0.0,,,0.0,,262,
1045,Alcobendas - Chopera,2020/03/05 07:00:00,,0.0,,,0.0,,8,
1046,La Moraleja,2020/03/05 07:00:00,,0.0,,,0.0,,125,
1047,Marqués de la Valdavia,2020/03/05 07:00:00,,5.69,,,5.69,,160,
1048,Miraflores,2020/03/05 07:00:00,,0.0,,,0.0,,172,
1049,Valdelasfuentes,2020/03/05 07:00:00,,0.0,,,0.0,,262,
1050,Alcobendas - Chopera,2020/03/04 07:00:00,,0.0,,,0.0,,8,
1051,La Moraleja,2020/03/04 07:00:00,,0.0,,,0.0,,125,
1052,Marqués de la Valdavia,2020/03/04 07:00:00,,5.69,,,5.69,,160,
1053,Miraflores,2020/03/04 07:00:00,,0.0,,,0.0,,172,
1054,Valdelasfuentes,2020/03/04 07:00:00,,0.0,,,0.0,,262,
1055,Alcobendas - Chopera,2020/03/03 07:00:00,,0.0,,,0.0,,8,
1056,La Moraleja,2020/03/03 07:00:00,,0.0,,,0.0,,125,
1057,Marqués de la Valdavia,2020/03/03 07:00:00,,5.69,,,5.69,,160,
1058,Miraflores,2020/03/03 07:00:00,,0.0,,,0.0,,172,
1059,Valdelasfuentes,2020/03/03 07:00:00,,0.0,,,0.0,,262,
1060,Alcobendas - Chopera,2020/03/02 07:00:00,,0.0,,,0.0,,8,
1061,La Moraleja,2020/03/02 07:00:00,,0.0,,,0.0,,125,
1062,Marqués de la Valdavia,2020/03/02 07:00:00,,5.69,,,5.69,,160,
1063,Miraflores,2020/03/02 07:00:00,,0.0,,,0.0,,172,
1064,Valdelasfuentes,2020/03/02 07:00:00,,0.0,,,0.0,,262,
1065,Alcobendas - Chopera,2020/03/01 07:00:00,,0.0,,,0.0,,8,
1066,La Moraleja,2020/03/01 07:00:00,,0.0,,,0.0,,125,
1067,Marqués de la Valdavia,2020/03/01 07:00:00,,5.69,,,5.69,,160,
1068,Miraflores,2020/03/01 07:00:00,,0.0,,,0.0,,172,
1069,Valdelasfuentes,2020/03/01 07:00:00,,0.0,,,0.0,,262,
1070,Alcobendas - Chopera,2020/02/29 07:00:00,,0.0,,,0.0,,8,
1071,La Moraleja,2020/02/29 07:00:00,,0.0,,,0.0,,125,
1072,Marqués de la Valdavia,2020/02/29 07:00:00,,5.69,,,5.69,,160,
1073,Miraflores,2020/02/29 07:00:00,,0.0,,,0.0,,172,
1074,Valdelasfuentes,2020/02/29 07:00:00,,0.0,,,0.0,,262,
1075,Alcobendas - Chopera,2020/02/28 07:00:00,,0.0,,,0.0,,8,
1076,La Moraleja,2020/02/28 07:00:00,,0.0,,,0.0,,125,
1077,Marqués de la Valdavia,2020/02/28 07:00:00,,5.69,,,5.69,,160,
1078,Miraflores,2020/02/28 07:00:00,,0.0,,,0.0,,172,
1079,Valdelasfuentes,2020/02/28 07:00:00,,0.0,,,0.0,,262,
1080,Alcobendas - Chopera,2020/02/27 07:00:00,,0.0,,,0.0,,8,
1081,La Moraleja,2020/02/27 07:00:00,,0.0,,,0.0,,125,
1082,Marqués de la Valdavia,2020/02/27 07:00:00,,0.0,,,0.0,,160,
1083,Miraflores,2020/02/27 07:00:00,,0.0,,,0.0,,172,
1084,Valdelasfuentes,2020/02/27 07:00:00,,0.0,,,0.0,,262,
1085,Alcobendas - Chopera,2020/02/26 07:00:00,,0.0,,,0.0,,8,
1086,La Moraleja,2020/02/26 07:00:00,,0.0,,,0.0,,125,
1087,Marqués de la Valdavia,2020/02/26 07:00:00,,0.0,,,0.0,,160,
1088,Miraflores,2020/02/26 07:00:00,,0.0,,,0.0,,172,
1089,Valdelasfuentes,2020/02/26 07:00:00,,0.0,,,0.0,,262,
